Position Title,Date,Apply,Work Model,Location,Company,Company Size,Company Industry,Salary,Qualifications,H1b Sponsored,Is New Grad
Business Analyst I (Enrollment & Billing),2025-08-19,https://jobright.ai/jobs/info/68a4b3db541cc3479840d1d0?utm_source=1100&utm_campaign=Business Analyst,On Site,Meridian - Main,Blue Cross of Idaho,1001-5000,"Health Insurance,Insurance","$64,893-$90,850 /yr","1. Bachelor’s Degree in Technical Subject area or related field; OR equivalent work experience (Two years’ relevant work experience equals one year of college)
2. Knowledge of gathering and documenting business requirements, process mapping methodologies, and project management
3. Teamwork & communication
4. Analytical skills such as problem solving, process improvement
5. Presentation, facilitation, and written, verbal, and interpersonal skills to help influence results and outcomes, connect with both technical and business teams, and engage with internal/external customers
...",not sure,
Business Analyst,2025-08-19,https://jobright.ai/jobs/info/68a3033837d3cc6b0d574357?utm_source=1100&utm_campaign=Business Analyst,Remote,"Jersey City, NJ, United States",Verisk,5001-10000,"Analytics,Financial Services",$70000-$75000 /yr,"1. Experience in EDI claims compliance reporting
2. Ability to work closely with product management and development teams
3. Involvement in analysis of business requirements and translating them into meaningful specifications
4. Extensive research and analysis of customer data and regulatory requirements for problem resolution
5. Ability to think logically and process information with a high level of detail, accuracy and efficiency
...",not sure,
Business Analyst Graduate (Creative and Brand Innovation) - 2026 Start (BS/MS),2025-08-19,https://jobright.ai/jobs/info/689fe0d783d13d1f5b6cba46?utm_source=1100&utm_campaign=Business Analyst,On Site,"San Jose, CA",TikTok,10000+,"Content Creators,Content Discovery",$84K-$128K /yr,"1. Bachelor’s degree or above.
2. Strong analytical thinking and high data sensitivity.
3. Proactive, strong cross-functional and cross-cultural communication skills.
4. Quick learner with high adaptability and resilience.",not sure,yes
Associate Business Manager - Hybrid,2025-08-19,https://jobright.ai/jobs/info/68880afa4174df41e0fa26de?utm_source=1100&utm_campaign=Business Analyst,Hybrid,"Multi Location
Norfolk, VA
Lewisville, TX",Acosta,10000+,"Marketing,Sales",$44200-$50000 /yr,"1. High School Diploma/GED
2. Bachelor’s Degree or Experience
3. At least one year of marketing, sales, or sales support.
4. Sales skills to include understanding the sales process, contract paperwork, and client promotion systems.
5. Presentation skills to include preparation, delivery, and handling questions.
...",not sure,
Business Analytics Associate,2025-08-19,https://jobright.ai/jobs/info/67f1bb7a23adf4fd68e22e3e?utm_source=1100&utm_campaign=Business Analyst,On Site,"Chicago, IL",Beyond Finance,1001-5000,"Blockchain,Cryptocurrency",$65000-$106200 /yr,"1. Bachelor’s or Master’s degree in business, STEM, or other analytical field
2. Prior experience in Strategy Consulting, Financial Services, or Start-up environments
3. Familiarity with doing analysis in Excel and coding in SQL
4. Quick learner; willing to dive in and get her/his hands dirty
5. Demonstrated ability to deliver results in a fast-paced environment
...",not sure,
Assoc Business Analyst,2025-08-19,https://jobright.ai/jobs/info/68a45738e9f1c744da121979?utm_source=1100&utm_campaign=Business Analyst,Hybrid,"Mays Landing, NJ",Delmarva Power,501-1000,"Consumer,Electrical Distribution",$59K-$81K /yr,"1. Bachelor's degree in Business or Engineering AND 0 - 2 years relevant business experience, or in lieu of Bachelor's degree, a minimum of 1 - 3 years relevant business experience is required.
2. Basic understanding of applicable standards, methods, processes and practices, business fundamentals, and performance metrics in the specific functional area supported by this position (e.g., asset management, electric or gas operations, customer service, transmission and substation, distribution system operations, regulatory and external affairs, transmission operations and planning).
3. Basic proficiency in standard software applications (e.g., Microsoft Word, Excel, Access, PowerPoint, Project), business technologies and specialized business applications (e.g., workforce management, project management, PassPort, Brio, CIS, EPS, Business Objects, SAP planning, business modeling, forecasting, voice response unit, automatic call distributors, work management, outage management).
4. Ability to provide basic analysis and apply managerial accounting concepts, customer intelligence gathering, forecasting, staff planning, scheduling, analytical and statistical problem solving, financial, accounting, business and budget analysis.
5. Basic analytical skills for project evaluation including analysis of departmental projects with economic, financial, risk and decision analysis. Limited experience in business case development.
...",not sure,yes
Single Family Business Analyst,2025-08-19,https://jobright.ai/jobs/info/68874dc9b651c92cb78b2aec?utm_source=1100&utm_campaign=Business Analyst,On Site,"McLean, VA",Freddie Mac,5001-10000,"Finance,Financial Services",$62K-$92K /yr,"1. Bachelor’s degree in business administration, Management, Finance, Economics, Business Statistics, or a related discipline
2. Graduating in December 2025 or May 2026 with availability to begin full time employment in January 2026 or June 2026 as a full-time employee
3. Outstanding communication skills, both written and verbal
4. Strong Microsoft Office skills
5. Excellent interpersonal and facilitation skills",not sure,
"GENERAL PROFESSIONAL IV (TAXATION BUSINESS ANALYST) - DOWNTOWN, OAHU",2025-08-18,https://jobright.ai/jobs/info/68a41e94e9f1c744da120fc0?utm_source=1100&utm_campaign=Business Analyst,On Site,"Honolulu County, HI",State of Hawaiʻi,,,$5369-$6535 /mon,"1. Legal Authorization To Work: The State of Hawaii requires all persons seeking employment with the government of the State shall be citizens, nationals, or permanent resident aliens of the United States, or eligible under federal law for unrestricted employment in the United States.
2. Basic Education: Bachelor's degree from an accredited four-year college or university.
3. General Experience: One (1) year of responsible professional work experience which required a high degree of analytical skill. Such experience must have involved gathering, evaluating and analyzing facts and other pertinent information required to resolve problems and/or to determine and recommend appropriate courses of action; demonstrated the ability to elicit information orally and in writing; reading, comprehending, interpreting and evaluating technical subjects, analysis or proposals; and applying problem solving methods and techniques, such as defining and analyzing problems, identifying alternative courses of action, using judgment in determining appropriate alternatives; and preparing clear and concise written reports and recommendations for action.
4. The experience must have been comparable to the General Professional III in the State service and must have provided the knowledge, skills and abilities required to perform the duties and responsibilities of the position to be filled.
5. Selective Certification Requirement (Taxation Business Analyst Experience): In order to effectively perform the duties and responsibilities of these positions, applicants must possess demonstrated knowledge of tax applications and tax filing systems as well as the principles, practices, and methods pertinent to tax and system administration. Applicants must also possess the ability to interpret, understand, and explain tax filing and payment processes; apply analytical methods and techniques in resolving tax filing issues; gather, analyze, and draw sound conclusions from available data and information; work effectively and cooperatively in a team environment; communicate effectively orally and in writing; and recognize the need for new or amended tax forms, rules, regulations, or policies.
...",no,
Assoc Business Analyst,2025-08-18,https://jobright.ai/jobs/info/68a40843541cc34798409c03?utm_source=1100&utm_campaign=Business Analyst,Hybrid,"Mays Landing, NJ",Exelon,10000+,"Clean Energy,Communities",$59K-$81K /yr,"1. Bachelor's degree in Business or Engineering AND 0 - 2 years relevant business experience, or in lieu of Bachelor's degree, a minimum of 1 - 3 years relevant business experience is required.
2. Basic understanding of applicable standards, methods, processes and practices, business fundamentals, and performance metrics in the specific functional area supported by this position (e.g., asset management, electric or gas operations, customer service, transmission and substation, distribution system operations, regulatory and external affairs, transmission operations and planning).
3. Basic proficiency in standard software applications (e.g., Microsoft Word, Excel, Access, PowerPoint, Project), business technologies and specialized business applications (e.g., workforce management, project management, PassPort, Brio, CIS, EPS, Business Objects, SAP planning, business modeling, forecasting, voice response unit, automatic call distributors, work management, outage management).
4. Ability to provide basic analysis and apply managerial accounting concepts, customer intelligence gathering, forecasting, staff planning, scheduling, analytical and statistical problem solving, financial, accounting, business and budget analysis.
5. Basic analytical skills for project evaluation including analysis of departmental projects with economic, financial, risk and decision analysis. Limited experience in business case development.
...",not sure,yes
Technology Analyst - Business Analyst,2025-08-18,https://jobright.ai/jobs/info/68a37cf637d3cc6b0d5776a7?utm_source=1100&utm_campaign=Business Analyst,On Site,"McLean, VA",Freddie Mac,5001-10000,"Finance,Financial Services",$67K-$101K /yr,"1. Undergraduate degree in Information Technology, Information Systems, Business Information Technology, Business Analytics or related area, relevant experience and coursework
2. Experience with popular business tools (Windows, Microsoft Office, Visio, SharePoint, etc.)
3. Graduation no more than 18 months prior to January or June 2026 start date
4. Demonstrated analytical ability and problem-solving skills
5. Excellent verbal and written communication
...",not sure,
Business Analyst,2025-08-18,https://jobright.ai/jobs/info/68a3d87c37d3cc6b0d57a18c?utm_source=1100&utm_campaign=Business Analyst,Hybrid,United States,Grant Street Group,251-500,"Computer,Software",$70K-$120K /yr,"1. Curious disposition
2. Ability to explain things clearly
3. Capable communicator with spoken and written word
4. Ability to collaborate within a team environment
5. Dedicated learner with the ability to use software
...",not sure,
IT Business Analyst - Public Sector,2025-08-18,https://jobright.ai/jobs/info/6878ca42991967626f06f6d7?utm_source=1100&utm_campaign=Business Analyst,Hybrid,"Multi Location
United States
Sacramento, CA",Public Consulting Group,1001-5000,"Consulting,Management Consulting",$55K-$75K /yr,"1. Strong interpersonal, organizational, research, presentation, time management, problem-solving, and oral and written communication skills.
2. A detail-oriented problem solving approach to business and technical issues.
3. Flexibility and willingness to embrace change.
4. Self-starter possessing intellectual curiosity.
5. Enthusiasm for life-long learning and staying well-informed about current industry issues.
...",not sure,
Business Analyst-Campus,2025-08-17,https://jobright.ai/jobs/info/68648a7584153b63ff401eb1?utm_source=1100&utm_campaign=Business Analyst,On Site,"Columbus, OH",INSIGHT2PROFIT,251-500,"Management Consulting,Manufacturing",$72K-$78K /yr,"1. Bachelor’s degree in Business, Finance, Management, Economics, Statistics, Actuarial Science, Data Science, Mathematics, Engineering, Computer Science or a related field. Anticipated graduation date of 2026.
2. Demonstrated project management capabilities (practical and/or academic)
3. Proficient in computer applications including Excel, PowerPoint, etc.
4. Upbeat, driven, and action-oriented professional.
5. Strong analytical and interpersonal skills, including a strong sense of personal accountability.
...",not sure,
Associate Business Analyst (5647),2025-08-17,https://jobright.ai/jobs/info/682f448103eb179d1a576180?utm_source=1100&utm_campaign=Business Analyst,Hybrid,"Quantico, VA",MetroStar,101-250,"Artificial Intelligence (AI),Cloud Data Services",$57000-$92000 /yr,"1. Experience supporting and contributing to external business analytics projects and processes to provide data-driven insights used to advise the client and develop strategies for operational improvements and future business initiatives.
2. Have an understanding of how to use statistical methods, modeling, analytical methodologies, and data analysis to develop and deploy tools including dashboards, infographics, reports, and models to inform and support decision-making.
3. Must have excellent communication, interpersonal, and presentation skills and the ability to take initiative and work efficiently.
4. Must have an Active DoD Secret Clearance.
5. Must have a Bachelor's Degree.",no,
Business Analyst,2025-08-17,https://jobright.ai/jobs/info/682fa577ba412533b5bb9a66?utm_source=1100&utm_campaign=Business Analyst,Hybrid,"Irvine, CA",HCVT,251-500,"Accounting,Consulting",$65K-$75K /yr,"1. Bachelor’s degree in information systems, accounting, or related field required; accounting education/experience a plus
2. 1-3 years of experience
3. Self-starter with ability to work independently with minimal supervision
4. Strong analytical and problem solving skills
5. Excellent written, oral communication and documentation skills; able to communicate complex technical answers to non-technical people
...",not sure,
Business Insights & Analytics Associate - New York,2025-08-17,https://jobright.ai/jobs/info/689dd75283d13d1f5b6b4932?utm_source=1100&utm_campaign=Business Analyst,Hybrid,"New York, NY",Fitch Ratings,1001-5000,"Financial Services,Information Services",$70K-$85K /yr,"1. Undergraduate degree highlighting an analytical skill set and outstanding performance
2. Demonstrated experience working with large / complex datasets
3. Ability to develop insights / recommendations aligned to business questions
4. Clear and concise written / verbal communication skills
5. Strong organizational skills, with the ability to manage multiple projects and priorities
...",not sure,
Business Analyst - ERP,2025-08-16,https://jobright.ai/jobs/info/68a1087bfaa4e875e8291f8f?utm_source=1100&utm_campaign=Business Analyst,Hybrid,"Buffalo, NY",Odoo,5001-10000,"CRM,Enterprise Resource Planning (ERP)",$55K-$80K /yr,"1. Excellent planning, mapping, and communication skills combined with client interaction, being able to make in-the-moment decisions based on new information constantly
2. An affinity with the Information Technology world, you understand the use cases of ERP (Enterprise Resource Planning software)
3. Passion for software
4. Enthusiastic to learn
5. Excellent communication and interpersonal skills",no,
Business Analyst I,2025-08-16,https://jobright.ai/jobs/info/683e7366fcbaf603244a44d8?utm_source=1100&utm_campaign=Business Analyst,On Site,"Ontario, CA",Prime Healthcare,10000+,"Health Care,Hospital",$67K-$96K /yr,"1. Bachelor's Degree Business Administration or Engineering preferred.
2. Experience in analysis, interpretation and reporting data sets.
3. Advanced analytical and problem solving skills.
4. Ability to make recommendations to management through presentations or written reports.
5. Experience using varied statistical methods.
...",not sure,
Business Operations Analyst (Starlink),2025-08-16,https://jobright.ai/jobs/info/67d88af8ddef98405b845004?utm_source=1100&utm_campaign=Business Analyst,On Site,"Hawthorne, CA",SpaceX,1001-5000,"Advanced Materials,Aerospace",$75K-$95K /yr,"1. Bachelor's degree in engineering, business, economics, or other quantitative field
2. 1+ years of experience in engineering, manufacturing, product management, operations, FP&A, consulting, banking, or entrepreneurship
3. 1+ years of experience in Excel or programming
4. Must be available to work extended hours and weekends as needed
5. Willingness to travel to customer sites, other SpaceX locations, and events as needed",no,
Public Sector Business Analyst,2025-08-15,https://jobright.ai/jobs/info/689fc3c183d13d1f5b6cad69?utm_source=1100&utm_campaign=Business Analyst,On Site,"Spring, Texas, United States of America",HP,10000+,"Computer,Consumer Electronics","$68,000-$97,000 /yr","1. Four-year or Graduate Degree in Business Administration, Finance, Economics, or any other related discipline or commensurate work experience or demonstrated competence.
2. Typically has 0-3 years of work experience.
3. Business Intelligence
4. Business Process
5. Business Requirements
...",not sure,yes
Business Analyst II - AMZ26516.1,2025-08-15,https://jobright.ai/jobs/info/6882cb6c835a903aa07f0c4b?utm_source=1100&utm_campaign=Business Analyst,On Site,"San Francisco, CA",Amazon,10000+,"Delivery,E-Commerce",$111K-$143K /yr,"1. Bachelor's degree or foreign equivalent degree in Business Administration, Computer Science, Engineering, Mathematics, Statistics, Economics, or a related field and one year of experience in the job offered or as a Business Analyst, Business Intelligence Engineer, Data Engineer, Data Miner or a related occupation.
2. Must have one year of experience in the following skill(s): using database technologies, including SQL, ETL or Oracle;
3. processing large, multi-dimensional datasets from multiple sources including Kibana, OBIEE, Datanet, or equivalent data extraction tool;
4. performing statistical analysis and workforce optimization using workforce management systems including EWFM, IEX, or Aspect – Forecasting;
5. developing automated reporting using advanced MS Excel skills including macros and erlang knowledge;
...",not sure,
"Analyst, Business Management",2025-08-15,https://jobright.ai/jobs/info/689f9d09faa4e875e828a240?utm_source=1100&utm_campaign=Business Analyst,On Site,"New York, NY",CIBC Capital Markets,1001-5000,"Banking,Finance",$80K-$100K /yr,"1. Knowledge of Corporate and Investment Banking businesses
2. Ability to execute tasks under aggressive targets and effectively manage to changes in plan
3. Highly motivated, self-starter; able to work in a fast paced, results driven environment, with limited management oversight
4. Strong interpersonal, written, verbal and presentation skills
5. Ability to articulate complex issues concisely and communicate effective and comfortably with senior people; excellent relationship building and stakeholder management skills
...",not sure,
Business Analyst,2025-08-15,https://jobright.ai/jobs/info/68a47323541cc3479840ba11?utm_source=1100&utm_campaign=Business Analyst,On Site,"Chicago, IL",Jackson,1001-5000,Financial Services,"$67,000-$77,000 /yr","1. Bachelor’s degree in Business, Finance, Economics, Information Systems, or a related field
2. Strong interest in asset management, financial services, or business operations.
3. Excellent communication, presentation, and interpersonal skills, both verbal and written, with the ability to effectively engage and collaborate with stakeholders at all levels.
4. Strong analytical and quantitative skills, including proficiency in data manipulation and visualization tools (such as PowerPoint, Excel, and PowerBi).
5. Ability to manage multiple priorities
...",not sure,
Sr Associate IT Business Analyst,2025-08-15,https://jobright.ai/jobs/info/689fa370faa4e875e828a588?utm_source=1100&utm_campaign=Business Analyst,Hybrid,"Newark, NJ",PSEG,10000+,"Energy,Energy Efficiency",$65K-$104K /yr,1. Bachelor's degree or equivalent in relevant field of study with 0-2 years of relevant work experience,not sure,yes
Associate Business Analyst,2025-08-15,https://jobright.ai/jobs/info/689f3a4683d13d1f5b6c4f5d?utm_source=1100&utm_campaign=Business Analyst,On Site,"PAM-TONTITOWN, AR",PAM Transport,1001-5000,"Employment,Logistics",$55000-$65000 /yr,"1. Skilled with Word, Excel, PowerPoint
2. Strong communication skills",not sure,
Information Systems Business Analyst II,2025-08-14,https://jobright.ai/jobs/info/68973dcc8c6d6b4426787c14?utm_source=1100&utm_campaign=Business Analyst,On Site,"Clemson, SC",Clemson University,5001-10000,"Education,Higher Education",$48K-$70K /yr,"1. A high school diploma and experience in computer system development and modification.
2. 0+ years of work experience.
3. Fundamental working knowledge of concepts, practices and procedures and ability to use in varied situations.",not sure,yes
Business Planning Analyst I,2025-08-14,https://jobright.ai/jobs/info/689e863079a9f9666254da32?utm_source=1100&utm_campaign=Business Analyst,Hybrid,"Spring, TX",Hewlett Packard Enterprise,10000+,"Data Center,Enterprise Software",$50K-$105K /yr,"1. Typically 0-2 years experience in strategy, planning, operations, finance, or related functional area.
2. First level university degree.
3. Basic knowledge of research methodology.
4. Demonstrated analytical thinking, technical analysis, and data manipulation skills.
5. Ability to learn and draw on new analytical techniques.
...",not sure,yes
Commercial Business Analyst,2025-08-14,https://jobright.ai/jobs/info/688da70c6a4aac5783cd54b6?utm_source=1100&utm_campaign=Business Analyst,On Site,"New York, NY",Related Management Company,251-500,,$90K-$105K /yr,"1. Bachelor’s degree preferred
2. 1-3 years of experience working within Yardi and the Elevate suite of modules.
3. Facility Manager
4. Forecast Manager
5. Voyager 8 and above
...",not sure,
Business Analyst,2025-08-14,https://jobright.ai/jobs/info/68796c30a7fc8904e3962b96?utm_source=1100&utm_campaign=Business Analyst,On Site,"New York, United States",Zoe Financial,11-50,"Financial Services,FinTech",$65K-$80K /yr,"1. Bachelor’s Degree in Computer Science, Mathematics, Economics, or a related field.
2. 0–2 years of experience in a high-ownership role (startups, finance, consulting, operations, etc.).
3. Ability to thrive in a fast-paced, dynamic environment and juggle multiple priorities.
4. Strong attention to detail and a bias for action.
5. You’re a structured thinker with strong analytical skills and a knack for simplifying complexity.
...",not sure,yes
Business Analyst I,2025-08-14,https://jobright.ai/jobs/info/689e2255faa4e875e827705e?utm_source=1100&utm_campaign=Business Analyst,On Site,"Ontario, CA",Prime Healthcare,10000+,"Health Care,Hospital",$69K-$96K /yr,"1. Bachelor's Degree Business Administration or Engineering preferred.
2. Experience in analysis, interpretation and reporting data sets.
3. Advanced analytical and problem solving skills.
4. Ability to make recommendations to management through presentations or written reports.
5. Experience using varied statistical methods.
...",not sure,
IT Business Systems Analyst,2025-08-14,https://jobright.ai/jobs/info/689e1174faa4e875e827685d?utm_source=1100&utm_campaign=Business Analyst,On Site,"Lincoln, NE",State of Nebraska,,,$26.263-$26.263 /hr,"1. Post high school coursework, training, or experience in the analysis of business processes and system requirements, and the creation of business process applications.",no,
IT Business Analyst - Public Sector (Hawaii),2025-08-14,https://jobright.ai/jobs/info/68885429fbbf032d0007abc0?utm_source=1100&utm_campaign=Business Analyst,Hybrid,"Kalawao County, HI",Public Consulting Group,1001-5000,"Consulting,Management Consulting",$55K-$75K /yr,"1. Must reside on the island of Oahu, HI.
2. Strong interpersonal, organizational, research, presentation, time management, problem-solving, and oral and written communication skills.
3. A detail-oriented problem solving approach to business and technical issues.
4. Flexibility and willingness to embrace change.
5. Self-starter possessing intellectual curiosity.
...",not sure,
Business Analyst,2025-08-14,https://jobright.ai/jobs/info/689db4e679a9f96662544120?utm_source=1100&utm_campaign=Business Analyst,Remote,United States,Tillster,51-100,"E-Commerce,Enterprise Software",$65K-$75K /yr,"1. 1–3 years of hands-on experience in operations, project analysis, or deploying digital/retail solutions.
2. A bachelor’s degree (Master’s is a plus) and a brain wired for critical thinking.
3. Power skills in Excel and PowerPoint. (Bonus points for Tableau, Salesforce, or financial modeling.)
4. Impressive storytelling chops—especially when it comes to decks, data visualizations, and dashboards.
5. Project management savvy (PMP or equivalent is a plus).
...",no,
Enterprise Business Analyst,2025-08-14,https://jobright.ai/jobs/info/689efc0079a9f966625542a4?utm_source=1100&utm_campaign=Business Analyst,Remote,United States,Affinity Consulting Group,11-50,"Consulting,Human Resources",$85K-$115K /yr,"1. Experience working inside or alongside law firms or legal departments
2. Experience managing complex implementations
3. Familiarity with iManage (at least 1–2 years)
4. Experience in project management (formally or informally)
5. Ability to build trust and make things happen
...",not sure,
RCM Business Analyst - Remote,2025-08-14,https://jobright.ai/jobs/info/68a1842c83d13d1f5b6d45c8?utm_source=1100&utm_campaign=Business Analyst,Remote,"Frisco, TX",Conifer Health Solutions,10000+,Health Care,$22.56-$33.85 /hr,"1. Gather operational and workflow requirements to document, implement and monitor workflow processes.
2. Identification of root cause(s) of workflow/process incident management.
3. Creation of designed and approved processes, enhance the automation of the technical workflows, and provide monitoring/stabilization of current business processes.
4. Identify critical process opportunities for enhancement and propose tangible solutions to avoid repeatable errors.
5. Document detailed technical design for workflow automation, end user documentation and job aids.
...",not sure,
2026 Business Analyst Development Program- Cleveland,2025-08-13,https://jobright.ai/jobs/info/689d35d383d13d1f5b6ae07d?utm_source=1100&utm_campaign=Business Analyst,On Site,"Brooklyn, OH",KeyBank,10000+,,$10K-$80K /yr,"1. Bachelor's Degree in an analytically rigorous discipline (Industrial Engineering, Business Analytics, etc.) (required)
2. Must obtain a four-year degree or graduate level degree by May 2026
3. Articulate and concise; at ease communicating with stakeholders and executive leadership (required)
4. Passionate about problem solving and data, with a love of identifying trends and insights (required)
5. Excellent oral and written communication skills
...",no,
Jr. Business Analyst,2025-08-13,https://jobright.ai/jobs/info/689d2fccfaa4e875e826db5c?utm_source=1100&utm_campaign=Business Analyst,Hybrid,"New York, NY",J.Crew,5001-10000,"Apparel,Fashion",$22-$26 /hr,"1. Bachelor’s degree. Preferred majors: Business Analytics, Engineering, Finance, Supply Chain or Computer-Science
2. Advanced knowledge of Microsoft Excel (complex formula building)
3. Intermediate knowledge or high interest of databases, SQL, R Studio and other BI tools (QlikSense, Tableau, Power BI)
4. Experience or strong interest in retail planning, allocation or buying
5. Outstanding analytical skills, data driven mindset & solution-driven mindset
...",not sure,
"University, Business Analyst and Process Improvement Specialist",2025-08-13,https://jobright.ai/jobs/info/689d1f0879a9f9666253d712?utm_source=1100&utm_campaign=Business Analyst,Hybrid,"Norfolk, VA",BOOZ ALLEN HAMILTON INTERNATIONAL (U.K.) LTD,11-50,,$48000-$98000 /yr,"1. Experience maintaining key resource documentation such as project work plans, standard operating procedures and 'how to' guides, or action trackers
2. Experience using Microsoft Office Suite
3. Ability to collaborate and take accountability in a team environment as well as through individual contribution
4. Ability to meet all deadlines and remain flexible with continually changing priorities
5. Ability to obtain a Secret clearance
...",no,
Jr. Business Analyst,2025-08-13,https://jobright.ai/jobs/info/689d125779a9f9666253d27e?utm_source=1100&utm_campaign=Business Analyst,Hybrid,"New York, NY, USA (Headquarters)",J.Crew Factory,,,$22.98-$26.44 /hr,"1. Bachelor’s degree. Preferred majors: Business Analytics, Engineering, Finance, Supply Chain or Computer-Science
2. Advanced knowledge of Microsoft Excel (complex formula building)
3. Intermediate knowledge or high interest of databases, SQL, R Studio and other BI tools (QlikSense, Tableau, Power BI)
4. Experience or strong interest in retail planning, allocation or buying
5. Outstanding analytical skills, data driven mindset & solution-driven mindset
...",not sure,
Jr. Business Analyst,2025-08-13,https://jobright.ai/jobs/info/689d206879a9f9666253d8cb?utm_source=1100&utm_campaign=Business Analyst,Hybrid,"New York, NY",J.Crew,5001-10000,"Apparel,Fashion",$22.98-$26.44 /hr,"1. Bachelor’s degree. Preferred majors: Business Analytics, Engineering, Finance, Supply Chain or Computer-Science
2. Advanced knowledge of Microsoft Excel (complex formula building)
3. Intermediate knowledge or high interest of databases, SQL, R Studio and other BI tools (QlikSense, Tableau, Power BI)
4. Experience or strong interest in retail planning, allocation or buying
5. Outstanding analytical skills, data driven mindset & solution-driven mindset
...",not sure,
2026 Business Analyst Development Program- Cleveland,2025-08-13,https://jobright.ai/jobs/info/689d05bafaa4e875e826cb39?utm_source=1100&utm_campaign=Business Analyst,On Site,"Brooklyn, OH",KeyBank,10000+,,$80000-$80000 /yr,"1. Bachelor's Degree in an analytically rigorous discipline (Industrial Engineering, Business Analytics, etc.)
2. Must obtain a four-year degree or graduate level degree by May 2026
3. Articulate and concise; at ease communicating with stakeholders and executive leadership
4. Passionate about problem solving and data, with a love of identifying trends and insights
5. Excellent oral and written communication skills
...",no,
Athletics Business Analyst,2025-08-13,https://jobright.ai/jobs/info/6875e579299cbc74b8758a3e?utm_source=1100&utm_campaign=Business Analyst,On Site,"Sacramento, CA",California State University-Sacramento,1001-5000,"Education,Higher Education",$4598-$8318 /mon,"1. Experience performing business processes and financial analysis duties in an office environment
2. Experience and knowledge of budget preparation, financial management and analysis; ability to understand and analyze a variety of numerical datasets.
3. Experience and knowledge of purchasing policies and procedures.
4. Demonstrated ability to apply standard principles, practices and techniques to fiscal administration.
5. Strong organizational prioritization and follow-through skills, with the ability take initiative, be detailed-oriented and coordinate multiple priorities in a fast-paced environment.
...",no,
Business Manager (Brazil Market)  Associate,2025-08-13,https://jobright.ai/jobs/info/689f4980faa4e875e8285a49?utm_source=1100&utm_campaign=Business Analyst,On Site,"1450 Brickell Ave, Miami, FL, 33131, US",JPMorganChase,10000+,"Asset Management,Banking","$104,500-$145,000 /yr","1. Bachelor’s degree in Business, Finance, Economics, or other related area
2. Prior experience in Business Management or COO role
3. Proven experience delivering timely, high quality presentations and/or reporting for various projects and stakeholders. Attention to detail is a must with continuous focus on design excellence
4. Demonstrated ability in dealing with different stakeholder groups and driving the agenda
5. Excellent communication, organization and project management skills
...",not sure,
Business Systems Analyst (Personal Insurance),2025-08-12,https://jobright.ai/jobs/info/684b794c12ef4306c16e6c60?utm_source=1100&utm_campaign=Business Analyst,Hybrid,"Hartford, CT",Travelers,10000+,"Auto Insurance,Insurance",$76K-$125K /yr,"1. One year of experience in Business Systems or equivalent
2. High school diploma or equivalent",not sure,
IT Business Analyst,2025-08-12,https://jobright.ai/jobs/info/689aeb365574fd6bc0c87b50?utm_source=1100&utm_campaign=Business Analyst,On Site,"Jacksonville, FL",Modis,10000+,"Consulting,Information Technology",$50-$53 /hr,"1. 0–3 years of experience in project coordination, risk, audit, or technology governance.
2. Strong organizational and time management skills.
3. Ability to analyze and integrate data from multiple sources and provide actionable insights.
4. Advanced proficiency in Microsoft Office (Excel, Word, PowerPoint).
5. Excellent written and verbal communication skills.
...",no,yes
Business Analyst - Experienced,2025-08-12,https://jobright.ai/jobs/info/682efb054b06715cb79f8db4?utm_source=1100&utm_campaign=Business Analyst,On Site,"Multi Location
Chicago, IL
Cleveland, OH",INSIGHT2PROFIT,251-500,"Management Consulting,Manufacturing",$82K-$90K /yr,"1. Bachelor’s degree in Business, Finance, Management, Economics, Statistics, Actuarial Science, Data Science, Mathematics, Engineering, Computer Science or a related field
2. At least 1 years of professional experience doing data analysis on large complex data sets; an equivalent combination of professional experience and coursework, academic projects, internships or other directly relevant work may be considered
3. Proven experience planning, coordinating, and executing projects from initiation through completion, including managing timelines, resources, and stakeholders
4. Proficient in computer applications including Excel, PowerPoint, etc.
5. Upbeat, driven, and action-oriented professional
...",no,
[Hybrid] Business Analyst 2 (15828-4),2025-08-12,https://jobright.ai/jobs/info/689bd47e79a9f9666253415e?utm_source=1100&utm_campaign=Business Analyst,Hybrid,"Englewood Cliffs, NJ",JND Inc.,1-10,"Information Technology,Software",$28-$30 /hr,"1. Korean Bilingual Required
2. Bachelor’s Degree in Business Administration, Finance, Data Analytics or a related field
3. 0-2+ years’ experience (or equivalent) in Procurement, Data Analysis, Audit, or Project Management
4. In-depth use and knowledge of MS Excel, Word, PowerPoint, and SAP
5. Ability to work independently, take initiative, and strong prioritization skills to manage multiple projects simultaneously. Must be a strong team player and able to lead or participate on cross functional teams
...",yes,yes
RCM Business Analyst - Remote,2025-08-12,https://jobright.ai/jobs/info/689b5cd583d13d1f5b69f9df?utm_source=1100&utm_campaign=Business Analyst,Remote,United States,Tenet Healthcare,10000+,"Biotechnology,Health Care",$22.56-$33.85 /hr,"1. Gather operational and workflow requirements to document, implement and monitor workflow processes.
2. Identification of root cause(s) of workflow/process incident management.
3. Creation of designed and approved processes, enhance the automation of the technical workflows, and provide monitoring/stabilization of current business processes.
4. Identify critical process opportunities for enhancement and propose tangible solutions to avoid repeatable errors.
5. Document detailed technical design for workflow automation, end user documentation and job aids.
...",not sure,
University - IT Business Analyst,2025-08-12,https://jobright.ai/jobs/info/689b572083d13d1f5b69f8a7?utm_source=1100&utm_campaign=Business Analyst,Hybrid,"McLean, VA",BOOZ ALLEN HAMILTON INTERNATIONAL (U.K.) LTD,11-50,,$43700-$90000 /yr,"1. Ability to manage multiple document deliveries
2. Ability to develop specific requirements to serve as the build-to specification for development
3. Ability to work with development teams on generating documentation on functionality being delivered
4. Ability to obtain a Secret clearance
5. Scheduled to obtain a Bachelor's degree by Summer 2026",no,
Business Analyst,2025-08-12,https://jobright.ai/jobs/info/689b0510faa4e875e825e966?utm_source=1100&utm_campaign=Business Analyst,Hybrid,"New York, NY","Botrista, Inc.",101-250,"B2B,Coffee",$110K-$130K /yr,"1. Bachelor's degree in quantitatively rigorous discipline (Business, Economics, Finance, Engineering, Mathematics)
2. 1-3 years of experience in consulting, investment banking, corporate strategy, or business analysis roles
3. Advanced proficiency in Excel, including financial modeling and complex data manipulation
4. Experience with data visualization tools (Tableau, PowerBI, or similar)
5. Exceptional analytical skills with ability to synthesize complex data into executive-ready insights
...",not sure,
ERP Business Analyst II - 118014,2025-08-11,https://jobright.ai/jobs/info/68914b49f47efe21139542e6?utm_source=1100&utm_campaign=Business Analyst,Remote,"Baltimore, MD",The Johns Hopkins University,10000+,"Education,Higher Education",$54K-$94K /yr,"1. Bachelor's Degree in Computer Science, MIS, Business Administration, or relevant functional area.
2. One year related experience.
3. Additional education may substitute for required experience and additional related experience may substitute for required education beyond HS Diploma/Graduation Equivalent, to the extent permitted by the JHU equivalency formula.",not sure,
Business Director,2025-08-11,https://jobright.ai/jobs/info/689c222b83d13d1f5b6a65ca?utm_source=1100&utm_campaign=Business Analyst,On Site,"Rocklin, CA",Sagora Senior Living,1001-5000,"Facilities Support Services,Health Care",$32-$32 /hr,"1. Strong AP/AR and payroll experience required
2. 1-2 years experience in bookkeeping or office manager/coordinator position
3. Strong computer skills including Microsoft Office (Outlook, Excel, Word, PowerPoint)
4. Must possess or be willing to acquire a valid driver's license to drive on company time as needed
5. Excellent verbal and written communication skills and ability to communicate effectively with co-workers, residents, family members, and vendors.",not sure,
Business Analyst,2025-08-11,https://jobright.ai/jobs/info/689a989e83d13d1f5b69a35d?utm_source=1100&utm_campaign=Business Analyst,Remote,"Phoenix, AZ",TriWest Healthcare Alliance,1001-5000,Health Care,$74K-$86K /yr,"1. Bachelor's degree in Business or any other relevant degree or equivalent experience
2. 1 to 3 years of experience in a Business Analyst or data analysis role
3. Increasing involvement in moderate to complex projects
4. Experience with process flow documentation and design
5. Strong in Microsoft Excel, PowerPoint, PowerBI and SharePoint
...",no,
"Analyst, Business Management",2025-08-11,https://jobright.ai/jobs/info/689a815f5574fd6bc0c83160?utm_source=1100&utm_campaign=Business Analyst,On Site,"New York, NY",CIBC US,1001-5000,"Banking,Financial Services",$80K-$100K /yr,"1. Knowledge of Corporate and Investment Banking businesses
2. Ability to execute tasks under aggressive targets and effectively manage to changes in plan
3. Highly motivated, self-starter; able to work in a fast paced, results driven environment, with limited management oversight
4. Strong interpersonal, written, verbal and presentation skills
5. Ability to articulate complex issues concisely and communicate effective and comfortably with senior people; excellent relationship building and stakeholder management skills
...",not sure,
"Business Analyst, Hive Models",2025-08-11,https://jobright.ai/jobs/info/6745d84317314312922bec9d?utm_source=1100&utm_campaign=Business Analyst,On Site,San Francisco,Hive,251-500,"Artificial Intelligence (AI),Computer Vision",$80000-$100000 /yr,"1. You have a bachelor's or graduate degree in Computer Science or a related field, such as Engineering or Mathematics
2. You have 1-3 years of work experience in a Product Management or Engineering role at a technology or technology consulting company
3. You have working knowledge of functional programming languages such as Python or Node.JS
4. You have experience in an interdisciplinary/cross-functional field. Added points for enterprise-technology, SaaS, client facing, or start-up experience
5. You have distinctive problem-solving skills and impeccable business judgment
...",not sure,
"Analyst, Business Management",2025-08-11,https://jobright.ai/jobs/info/689a559183d13d1f5b6982e3?utm_source=1100&utm_campaign=Business Analyst,On Site,"New York, NY",CIBC,10000+,"Banking,Credit Cards",$80000-$100000 /yr,"1. Knowledge of Corporate and Investment Banking businesses
2. Ability to execute tasks under aggressive targets and effectively manage to changes in plan
3. Highly motivated, self-starter; able to work in a fast paced, results driven environment, with limited management oversight
4. Strong interpersonal, written, verbal and presentation skills
5. Ability to articulate complex issues concisely and communicate effective and comfortably with senior people; excellent relationship building and stakeholder management skills
...",not sure,
Business Analyst,2025-08-11,https://jobright.ai/jobs/info/689a2d1afaa4e875e825669b?utm_source=1100&utm_campaign=Business Analyst,Hybrid,"El Paso, TX",CGI,5001-10000,"Analytics,Application Performance Management","$61,900-$137,100 /yr","1. An interim Secret clearance is required to begin working onsite with our client, and a Secret clearance must be maintained throughout the project duration.
2. Due to the nature of the government contract requirements and/or clearance requirements, US citizenship is required.
3. Bachelor’s degree
4. Excellent communication and interpersonal skills
5. Proven ability to work creatively and analytically in a problem-solving environment as a part of an agile/client facing team
...",no,
Business Analyst,2025-08-10,https://jobright.ai/jobs/info/6897ac318c6d6b44267900fc?utm_source=1100&utm_campaign=Business Analyst,On Site,"820 Follin Lane, Vienna, VA, 22180, US",Navy Federal Credit Union,10000+,"Association,Financial Services",$29.28-$44.86 /hr,"1. Responsible for optimizing the performance of business operations by analyzing current and forecasting future performance.
2. Conduct analyses and gather, organize and review data to support general business operations and planning activities.
3. Ensure processes are integrated and effective across the department.
4. Growing an understanding of business needs and objectives.
5. Solve a range of mostly straightforward problems with some increased scope and complexity.
...",not sure,
RCM Business Analyst,2025-08-10,https://jobright.ai/jobs/info/6898e51483d13d1f5b691144?utm_source=1100&utm_campaign=Business Analyst,On Site,"Frisco, TX",Conifer Health Solutions,10000+,Health Care,$22.56-$33.85 /hr,"1. Gather operational and workflow requirements to document, implement and monitor workflow processes.
2. Identification of root cause(s) of workflow/process incident management.
3. Creation of designed and approved processes, enhance the automation of the technical workflows, and provide monitoring/stabilization of current business processes.
4. Identify critical process opportunities for enhancement and propose tangible solutions to avoid repeatable errors.
5. Document detailed technical design for workflow automation, end user documentation and job aids.
...",not sure,
Business Operations Analyst II,2025-08-10,https://jobright.ai/jobs/info/67c7f864af8d8f81cb73b147?utm_source=1100&utm_campaign=Business Analyst,On Site,"Englewood, CO",DISH TV,10000+,"Audio,Satellite Communication",$63K-$80K /yr,"1. Bachelor's degree (B.A.) from four-year college or university
2. 1-3 years of experience; or equivalent combination of education and experience
3. Excellent verbal and written communication skills and the ability to communicate complex data clearly and concisely to executives
4. Experience manipulating large datasets in a business environment required
5. Experience translating data to actionable insights required
...",no,
Commercial Business Analyst,2025-08-09,https://jobright.ai/jobs/info/685dfe3bbee2fb40984e7d4d?utm_source=1100&utm_campaign=Business Analyst,On Site,"Las Vegas, NV","Gaming Laboratories International, LLC",501-1000,"Digital Media,Electronics",$80K-$95K /yr,"1. Bachelor’s degree in a related field is required.
2. A minimum of 1 year of experience working in a related position is required.
3. Must have advanced skills in Microsoft Excel.
4. Proficiency in using Microsoft Office, including Word and PowerPoint, is required.
5. Must have the ability to exercise good judgment in a variety of situations.
...",not sure,
"Business Analyst, Claims",2025-08-09,https://jobright.ai/jobs/info/6861fe61b8120079f9a95e62?utm_source=1100&utm_campaign=Business Analyst,On Site,"New York, NY",VNS Health,10000+,"Charity,Health Care",$63800-$79800 /yr,"1. Bachelor's Degree in Business or related discipline or the equivalent work experience required
2. At least one year of experience must be with a managed care organization on business transformation.
3. Strong command of Microsoft Office Tools (Word, Excel, Visio, and PowerPoint) required, and mobile computing platforms & web-based technologies.
4. Effective oral and written communication skills, consulting and analytical skills and ability to work with clients, IT management, staff, consultants and vendors required
5. Ability to function autonomously, and collaborate with most senior level leaders across the agency required
...",not sure,
"Senior Associate, Business Analyst - Emerging Channels",2025-08-09,https://jobright.ai/jobs/info/689af16c83d13d1f5b69e5e5?utm_source=1100&utm_campaign=Business Analyst,Hybrid,"McLean, VA",Capital One,10000+,"Banking,Credit Cards",$109000-$124400 /yr,"1. Bachelor’s Degree in any quantitative field (Business, Math, Economics, Finance, Statistics, Science, Engineering)
2. At least 1 year of experience in analysis",yes,
Business Analyst,2025-08-08,https://jobright.ai/jobs/info/689d7b74faa4e875e8270b13?utm_source=1100&utm_campaign=Business Analyst,On Site,"San Diego, CA","Midland Credit Management, an Encore Capital Group Company",1001-5000,Financial Services,$82500-$82500 /yr,"1. Bachelor; Quantitative field.
2. 0 - 2 years experience in an analytical / quantitative role, or equivalent education and experience.
3. Experience in designing and running queries.
4. Proficiency with MS Office including Excel and Access.",not sure,yes
Business Analyst I,2025-08-07,https://jobright.ai/jobs/info/6895099c73b3a600fe8848d9?utm_source=1100&utm_campaign=Business Analyst,Hybrid,"Yardley, PA",Cenlar FSB,1001-5000,Financial Services,$56K-$87K /yr,"1. Bachelor's degree or equivalent experience
2. 1 to 3 years of related work experience relating to business analytics or project management
3. Entry level knowledge of business and financial terms and principles, experience in financial services/mortgage servicing is an advantage
4. Oral, written, and verbal communication skills and ability to effectively present information
5. Effective organizational, project management, and analytical skills
...",not sure,
IT Business Analyst - Testing,2025-08-07,https://jobright.ai/jobs/info/6897a4078c6d6b442678f46c?utm_source=1100&utm_campaign=Business Analyst,Remote,"Phoenix, AZ",Public Consulting Group,1001-5000,"Consulting,Management Consulting",$52K-$75K /yr,"1. Bachelor’s Degree or equivalent experience required
2. 1-3 years of relevant work experience in consulting, IT or other relevant field.
3. Strong interpersonal, organizational, research, presentation, time management, and problem-solving skills.
4. A detail-oriented problem-solving approach to business and technical issues.
5. Knowledge and understanding of application testing methodologies, tools, and execution
...",not sure,
IT Business Analyst - Testing,2025-08-07,https://jobright.ai/jobs/info/6894e5e473b3a600fe8831e7?utm_source=1100&utm_campaign=Business Analyst,Hybrid,"Multi Location
US
Phoenix, AZ",Public Consulting Group,1001-5000,"Consulting,Management Consulting",$52000-$75000 /yr,"1. Strong interpersonal, organizational, research, presentation, time management, and problem-solving skills.
2. A detail-oriented problem-solving approach to business and technical issues.
3. Knowledge and understanding of application testing methodologies, tools, and execution
4. Analytical and Strategic Thinker
5. Strong technical and business writing skills
...",not sure,
ER/LR Business Analyst I,2025-08-07,https://jobright.ai/jobs/info/689c40a379a9f9666253827c?utm_source=1100&utm_campaign=Business Analyst,On Site,"Pittsburgh, PA",University of Pittsburgh,10000+,,$50K-$55K /yr,"1. Bachelor's Degree
2. No experience required
3. Combination of education and relevant experience will be considered in lieu of education and/ or experience requirement.
4. Background check for position finalists, employment with the University will require successful completion of a background check
5. Resume, Cover Letter",no,
"Analyst, Global Trade Solutions Business Support",2025-08-06,https://jobright.ai/jobs/info/68944ba4a9199876488e4854?utm_source=1100&utm_campaign=Business Analyst,Hybrid,"New York, United States",HSBC,10000+,,$87K-$130K /yr,"1. Solid executive support experience with proven track record in serving senior executives and a team
2. Proficient in computer applications including Word, Excel and Powerpoint, Fusion etc
3. Mature, strong organizational and time management skills
4. Able to handle multi tasks and work independently under pressure
5. Strong analytical skills with good business acumen
...",no,
IT Business Analyst - VIP (ERP),2025-08-06,https://jobright.ai/jobs/info/689262c84c7e851b90ad549b?utm_source=1100&utm_campaign=Business Analyst,On Site,"Rosemont, Illinois",Reyes Fleet Management,101-250,,,"1. Bachelor’s Degree in Business, Information Technology or related field and 1 to 2 plus years of experience in IT including guiding external vendors on project work and systems design and implementation experience OR High School Diploma/General Education Diploma and 5 plus years of related experience",not sure,
BUSINESS SYSTEMS ANALYST,2025-08-06,https://jobright.ai/jobs/info/6893a73bf47efe2113965c03?utm_source=1100&utm_campaign=Business Analyst,Hybrid,"Sacramento, CA",CA Department of Corrections & Rehabilitation,10000+,"Corrections Facilities,Government","$6,513-$8,729 /mon","1. Possession of Minimum Qualifications will be verified prior to interview and/or appointment.
2. If you are meeting Minimum Qualifications with education, you must include your unofficial transcripts/diploma for verification.
3. Official transcripts may be required upon appointment.
4. If it is determined an applicant does not meet the Minimum Qualifications, the candidate will be withheld from the eligibility list, rendering them inactive and ineligible to be hired for the position.
5. Candidates who have been withheld may file an appeal with the State Personnel Board.
...",no,
Business Analyst,2025-08-06,https://jobright.ai/jobs/info/6892facbf47efe2113961b80?utm_source=1100&utm_campaign=Business Analyst,Remote,"Jacksonville, Florida, United States",Orvix Engineering,1-10,,$35-$55 /hr,"1. Bachelors degree in Business Administration, Engineering, Computer Science, or related field (or equivalent experience).
2. 1+ years of experience as a Business Analyst, preferably in an engineering or technical industry.
3. Proven experience with business process modeling, requirements gathering, and stakeholder management.
4. Strong analytical skills with the ability to work with data and extract actionable insights.
5. Proficient in business analysis tools, project management software, and data analysis tools (e.g., Microsoft Excel, Power BI, JIRA, or similar).
...",no,
BUSINESS ANALYST,2025-08-05,https://jobright.ai/jobs/info/6892ca084c7e851b90ad876a?utm_source=1100&utm_campaign=Business Analyst,Hybrid,"Arlington, VA or Richmond, VA",2nd Order Solutions,11-50,"Consulting,Credit",$108000-$122000 /yr,"1. Planning to graduate in Fall 2025 or Spring/Summer 2026.
2. Working toward a degree in a quant-heavy field like math, engineering, economics, or similar.
3. Have experience in analytical roles or projects—you know how to break down tough problems using data.
4. You’ve got solid business intuition and can spot where the real value is hiding in a challenge.
5. A strong communicator and team player—you collaborate well and can explain complex ideas clearly.
...",not sure,
Business Analyst (CA or MN),2025-08-05,https://jobright.ai/jobs/info/6890ee4e4c7e851b90acaadb?utm_source=1100&utm_campaign=Business Analyst,On Site,"Fremont, CA",ASUS,10000+,"Hardware,Manufacturing",$85K-$95K /yr,"1. Bachelor's degree (B.A. or B.S.)
2. 1-2 years of experience in analytics
3. Ability to confidently operate in a rapidly changing, fast-paced, and results-oriented corporate environment requiring high flexibility
4. Excellent analytical and problem-solving skills
5. Strong organizational and priority-setting abilities, capable of multitasking effectively
...",not sure,
Business Systems Analyst,2025-08-04,https://jobright.ai/jobs/info/688d60d03a30793eb964a7b3?utm_source=1100&utm_campaign=Business Analyst,Hybrid,"Santa Barbara, CA",UC Santa Barbara,,,$79K-$143K /yr,"1. Bachelor’s Degree in related area and/or equivalent experience / training.
2. 1-3 years Business Analysis, Business Systems Analysis, and/or Systems Implementation experience.
3. Must be a Permanent US Resident or US Citizen.
4. Satisfactory conviction history background check.",no,
IT Business Analyst - VIP (ERP),2025-08-04,https://jobright.ai/jobs/info/6897824f73b3a600fe89a5f0?utm_source=1100&utm_campaign=Business Analyst,On Site,"Rosemont, Illinois",Reyes Beverage Group,501-1000,"Food and Beverage,Wholesale",,"1. Bachelor’s Degree in Business, Information Technology or related field and 1 to 2 plus years of experience in IT including guiding external vendors on project work and systems design and implementation experience OR High School Diploma/General Education Diploma and 5 plus years of related experience",not sure,
IT Business Analyst - VIP (ERP),2025-08-04,https://jobright.ai/jobs/info/68993b2683d13d1f5b6917d6?utm_source=1100&utm_campaign=Business Analyst,On Site,"Rosemont, Illinois",Martin Brower,10000+,"Food and Beverage,Logistics",,"1. Bachelor’s Degree in Business, Information Technology or related field and 1 to 2 plus years of experience in IT including guiding external vendors on project work and systems design and implementation experience OR High School Diploma/General Education Diploma and 5 plus years of related experience",not sure,
Associate Business Manager,2025-08-04,https://jobright.ai/jobs/info/689145974c7e851b90acd5aa?utm_source=1100&utm_campaign=Business Analyst,On Site,"Cincinnati, OH",Acosta,10000+,"Marketing,Sales",$55000-$60000 /yr,"1. High School Diploma/GED
2. Bachelor’s Degree or Experience
3. At least one year of marketing, sales, or sales support.
4. Sales skills to include understanding the sales process, contract paperwork, and client promotion systems.
5. Presentation skills to include preparation, delivery, and handling questions.
...",not sure,
Business Analyst,2025-08-04,https://jobright.ai/jobs/info/688d7caae5cead4afd455d0c?utm_source=1100&utm_campaign=Business Analyst,Hybrid,"Aliso Viejo, CA",Ambry Genetics,251-500,"Health Care,Health Diagnostics",$83K-$95K /yr,"1. Bachelor’s degree in data analytics or a related field required
2. Ability to work both independently and in a team-oriented, collaborative, fast-paced, results-driven environment
3. Strong written, verbal, and visual communication skills. Must have the ability to explain complex analyses to a wide variety of audiences
4. Problem solving and critical thinking skills, and the analytical mindset to distill insights from big data sets
5. Python, sQl, machine learning, and data visualization experience required",not sure,
WGL Energy - Business Analyst,2025-08-04,https://jobright.ai/jobs/info/6891acd14c7e851b90ad16e9?utm_source=1100&utm_campaign=Business Analyst,On Site,"Baltimore, MD",WGL Energy,101-250,"Energy,Renewable Energy",$65K-$104K /yr,"1. A Bachelor's degree in Accounting, Finance, Economics, Business, or a closely related field is required.
2. 1-3 Years accounting, financial or business experience required.
3. Ability to work independently and as part of a team to manage multiple projects simultaneously.
4. Strong analytical and problem-solving skills, with attention to detail and a focus on delivering high-quality products under rapidly changing priorities.
5. Excellent project management skills, with the ability to prioritize tasks, manage multiple projects and meet deadlines.
...",not sure,
Associate Business Operations Analyst,2025-08-03,https://jobright.ai/jobs/info/68901cee6a4aac5783cde425?utm_source=1100&utm_campaign=Business Analyst,Hybrid,Remote US,"Sprout Social, Inc.",1001-5000,"Analytics,Apps","$66,000-$99,000 /yr","1. 1–2 years of internship or entry-level experience in business operations, sales operations, strategy, or a similar analytical function.
2. Strong analytical skills with the ability to work with large data sets and derive actionable insights.
3. Familiarity with business intelligence tools (e.g., Looker, Tableau), Salesforce, Excel/Google Sheets.",not sure,
Business Operations Analyst,2025-08-03,https://jobright.ai/jobs/info/6897c0238c6d6b4426791b16?utm_source=1100&utm_campaign=Business Analyst,On Site,"Austin, Texas, United States",Tenstorrent,501-1000,"Application Specific Integrated Circuit (ASIC),Artificial Intelligence (AI)",,"1. Analytical thinker with experience in business analytics, finance, or strategy roles within the technology industry.
2. Skilled at deploying AI and LLM agents to automate end-to-end data analysis and build intelligent analytics pipelines—an AI automation engineer.
3. Comfortable navigating ambiguity with a bias for action and strong prioritization.
4. Skilled communicator who can turn raw data into crisp narratives for senior leaders.
5. Build a unified revenue dataset across Salesforce, SAP, and product usage systems; deliver weekly forecasts and insights.
...",not sure,
Business Analyst II - AMZ26516.1,2025-08-02,https://jobright.ai/jobs/info/68829fa3835a903aa07ef6d5?utm_source=1100&utm_campaign=Business Analyst,On Site,"San Francisco, California, USA",Amazon,10000+,"Delivery,E-Commerce",$111109-$143100 /yr,"1. Bachelor's degree or foreign equivalent degree in Business Administration, Computer Science, Engineering, Mathematics, Statistics, Economics, or a related field and one year of experience in the job offered or as a Business Analyst, Business Intelligence Engineer, Data Engineer, Data Miner or a related occupation.
2. Must have one year of experience in the following skill(s): (1) using database technologies, including SQL, ETL or Oracle; (2) processing large, multi-dimensional datasets from multiple sources including Kibana, OBIEE, Datanet, or equivalent data extraction tool; (3) performing statistical analysis and workforce optimization using workforce management systems including EWFM, IEX, or Aspect – Forecasting; (4) developing automated reporting using advanced MS Excel skills including macros and erlang knowledge; and (5) maintaining data integrity to assure input/output accuracy in various databases including eWFM or GACD Systems.",not sure,
Media Business Operations Analyst,2025-08-02,https://jobright.ai/jobs/info/6837ac8962b7fb21ca4ba047?utm_source=1100&utm_campaign=Business Analyst,Hybrid,"Miami, FL",Razorfish,5001-10000,"Advertising,Internet",$57K-$79K /yr,"1. Four year degree
2. 1-3 years’ experience
3. Effective time management skills
4. Proficiency in MS office suite (MS Excel, MS Word, MS PowerPoint)
5. Comfortable with technology and computers
...",not sure,
Business Analyst (CA or MN),2025-08-02,https://jobright.ai/jobs/info/688d646427f9022553c0b278?utm_source=1100&utm_campaign=Business Analyst,Hybrid,"Hybrid Remote, Fremont, California",ASUS,10000+,"Hardware,Manufacturing",$85000-$95000 /yr,"1. Bachelor's degree (B.A. or B.S.)
2. 1-2 years of experience in analytics.
3. Ability to confidently operate in a rapidly changing, fast-paced, and results-oriented corporate environment requiring high flexibility.
4. Excellent analytical and problem-solving skills.
5. Strong organizational and priority-setting abilities, capable of multitasking effectively.
...",not sure,
Business Analyst,2025-08-01,https://jobright.ai/jobs/info/688d345d27f9022553c09fa4?utm_source=1100&utm_campaign=Business Analyst,Hybrid,"Orlando, Florida, USA",Össur,1001-5000,"Fitness,Health Care","$62,100-$98,774 /yr","1. Minimum of 1-3 years of professional experience in a business analyst role.
2. Bachelor’s degree required in Business, Data Science, Informatics or a similar field of study.
3. Proficiency with Microsoft 365 and SharePoint.
4. Advanced MS Excel pivot table and VLOOKUP skills (and MS Access ability is a plus).
5. Highly organized and detail oriented.
...",no,
Associate Business Analyst,2025-07-31,https://jobright.ai/jobs/info/687595fcae2f413e4a5a8492?utm_source=1100&utm_campaign=Business Analyst,Remote,United States,Wiland,101-250,"Advertising,Marketing",$58K-$77K /yr,"1. Bachelor’s degree in Business Administration, Product Management, or a related field. Must be able to produce college transcripts showing a minimum of 3.0 GPA, if applicable.
2. Strong problem-solving and analytical skills with a curiosity for understanding business needs.
3. Basic knowledge of business or systems analysis.",no,
"Business Analyst, Amazon Fresh Grocery",2025-07-31,https://jobright.ai/jobs/info/688bb6803a30793eb963ccf7?utm_source=1100&utm_campaign=Business Analyst,On Site,"Multi Location
Austin, TX
Seattle, WA",Amazon,10000+,"Delivery,E-Commerce",$50K-$107K /yr,"1. 1+ years of tax, finance or a related analytical field experience
2. 2+ years of complex Excel VBA macros writing experience
3. Bachelor's degree or equivalent
4. Experience defining requirements and using data and metrics to draw business insights
5. Experience with SQL or ETL",not sure,
Business Process Analyst,2025-07-31,https://jobright.ai/jobs/info/68831e63b54cac0f1e735ccf?utm_source=1100&utm_campaign=Business Analyst,On Site,"Northfield, IL","Medline Industries, LP",10000+,"Consumer Goods,Health Care",$74K-$107K /yr,"1. Bachelor’s Degree in a business-related field.
2. 1–3 years of experience in a Business Analyst or Business Process Analyst role, ideally in tech-enabled transformation programs
3. Proven experience in process mapping, SOP development, and workflow optimization
4. Strong track record of project coordination and maintaining project documentation, timelines, and status reports.
5. Creating Business requirement documents and user stories for Technical Development
...",not sure,
Business Operations Analyst – Platform Support,2025-07-31,https://jobright.ai/jobs/info/68516249adf0fc998e03f558?utm_source=1100&utm_campaign=Business Analyst,Remote,United States,FICO,1001-5000,"Analytics,Big Data",$70K-$110K /yr,"1. A positive attitude with eagerness to execute at levels above and beyond expectations.
2. Proven ability to collaborate within a team to solve business problems and earn the respect and trust of others.
3. Capability to maintain professionalism and urgency while delivering high levels of performance under pressure in a fast-paced, high-volume, and transformational environment.
4. Experience using critical thinking to promote accuracy, identify trends, and recommend business decisions that align with corporate initiatives.
5. Excellent verbal and written communication skills, appropriate for diverse audiences at all levels.
...",not sure,
Business Systems Analyst I - Oracle Supply Chain,2025-07-30,https://jobright.ai/jobs/info/689422994c7e851b90ae3226?utm_source=1100&utm_campaign=Business Analyst,Hybrid,"Seattle, WA",Darigold,1001-5000,Food and Beverage,$78K-$98K /yr,"1. Bachelor’s and/or Master’s Degree in Computer Science, Information Systems or a related field.
2. 0-2 years of experience in ERP system support or business systems analysis.
3. Familiar with Oracle ERP/Cloud, Oracle Transportation Management.
4. Cloud Based Technologies: Oracle Transportation Management OTM Cloud, Managed PaaS Cloud, Cloud based hosted applications (3rd party), Oracle/Azure DevOps Application: OTM On-Premises up to 6.4.3 & OnCloud –22C
5. Tools: SQL Developer, WINSCP (servers), Putty, Altova XML Spy
...",no,yes
Business Systems Coordinator,2025-07-30,https://jobright.ai/jobs/info/6865befce0db1b536368d866?utm_source=1100&utm_campaign=Business Analyst,On Site,"Washington, DC",The John F. Kennedy Center for the Performing Arts,1001-5000,Education,$55K-$65K /yr,"1. Familiarity with CRM and/or experience with a ticketing/fundraising platform such as Tessitura, Ticketmaster, SalesForce, Raiser’s Edge, etc.
2. 1-2 years customer service (internal or external-facing) or equivalent experience, including verbal and written communication
3. Experience with Microsoft Office tools, especially Excel
4. Excellent communication skills, both written and verbal
5. Personable, friendly, and patient
...",not sure,
RCM Business Analyst,2025-07-30,https://jobright.ai/jobs/info/689216bb4c7e851b90ad31ae?utm_source=1100&utm_campaign=Business Analyst,Remote,United States,Tenet Healthcare,10000+,"Biotechnology,Health Care",$22.56-$33.85 /hr,"1. Gather operational and workflow requirements to document, implement and monitor workflow processes.
2. Identification of root cause(s) of workflow/process incident management.
3. Creation of designed and approved processes, enhance the automation of the technical workflows, and provide monitoring/stabilization of current business processes.
4. Identify critical process opportunities for enhancement and propose tangible solutions to avoid repeatable errors.
5. Document detailed technical design for workflow automation, end user documentation and job aids.
...",not sure,
Business Researcher,2025-07-29,https://jobright.ai/jobs/info/6889ad79aab47a17f6704758?utm_source=1100&utm_campaign=Business Analyst,On Site,"Austin, TX",LAUNCH,11-50,"Digital Media,Email Marketing",$60000-$60000 /yr,"1. Fluent in Arabic and English (speaking and reading).
2. Proficient knowledge of MENA etiquette and values.
3. Possess an active passport with at least 12 months left prior to expiration.
4. Able to travel internationally multiple times throughout the year.
5. Able to live in Riyadh six months of the year; priority consideration given to candidates who live in / can travel to Austin (our HQ).
...",not sure,
Business Analyst (Business Insurance),2025-07-29,https://jobright.ai/jobs/info/6882eb99835a903aa07f180d?utm_source=1100&utm_campaign=Business Analyst,Hybrid,"Hartford, CT",Travelers,10000+,"Auto Insurance,Insurance",$76K-$125K /yr,"1. One year of experience in Business Systems or equivalent required.
2. High school diploma or equivalent required.",not sure,
Commercial Business Analyst/Associate,2025-07-29,https://jobright.ai/jobs/info/689588308c6d6b442677ac2f?utm_source=1100&utm_campaign=Business Analyst,On Site,"New York, NY",Related Companies,1001-5000,"Commercial Real Estate,Construction",$90K-$105K /yr,"1. Bachelor’s degree preferred
2. 1-3 years of experience working within Yardi and the Elevate suite of modules.
3. Facility Manager
4. Forecast Manager
5. Voyager 8 and above
...",not sure,
Commercial Business Analyst,2025-07-29,https://jobright.ai/jobs/info/688925ec09808a6103e456e5?utm_source=1100&utm_campaign=Business Analyst,On Site,"New York, New York",Related Companies,1001-5000,"Commercial Real Estate,Construction",$90000-$105000 /yr,"1. Bachelor’s degree preferred
2. 1-3 years of experience working within Yardi and the Elevate suite of modules.
3. Knowledge of Commercial software (Building Engines, Building Intelligence, BI)
4. Experience working within a helpdesk / support environment
5. Excellent written and verbal communication skills
...",not sure,
Business Strategy Analyst-Hybrid,2025-07-28,https://jobright.ai/jobs/info/6887ab314174df41e0f9f9de?utm_source=1100&utm_campaign=Business Analyst,Hybrid,"330 S. Service Road, Melville, NY, 11747, US",Northwell Health,5001-10000,"Consulting,Health Care","$64,35000-$86,06000 /yr","1. Bachelor's Degree required, or equivalent combination of education and related experience.
2. 1-3 years of relevant experience, required.",not sure,
Business Process Analyst,2025-07-27,https://jobright.ai/jobs/info/6889b698aab47a17f6704cd4?utm_source=1100&utm_campaign=Business Analyst,On Site,"Quantico, VA",ThinkTek,51-100,"Consulting,IT Infrastructure",$67000-$67000 /yr,"1. Basic understanding of business process modeling and improvement methodologies.
2. Knowledge of requirements analysis techniques, such as use case development and process mapping.
3. Proficiency in Microsoft Office Suite (Word, Excel, PowerPoint, Visio) and/or business process modeling tools.
4. Strong analytical and problem-solving skills.
5. Excellent communication and documentation skills.
...",not sure,yes
"Business Analyst, Analytics & Research",2025-07-24,https://jobright.ai/jobs/info/6882a3d86fcd973d15adb26d?utm_source=1100&utm_campaign=Business Analyst,Hybrid,"Chicago, IL",Alexander Group,251-500,"Consulting,Information Technology",$80K-$90K /yr,"1. Bachelor’s degree with strong academic achievement
2. Intermediate to advanced experience with MS Excel. You will be working with data in MS Excel on a daily basis
3. 1-3 years of relevant work experience in a professional business setting
4. Strong business acumen and awareness of business trends
5. Strong interpersonal and team working skills with a high degree of motivation, positive attitude, and willingness to learn from mentors and peers
...",no,