Position Title,Date,Apply,Work Model,Location,Company,Company Size,Company Industry,Salary,Qualifications,Job Function,H1b Sponsored,Is New Grad
Product Specialist,2025-07-21,https://jobright.ai/jobs/info/687ee6342097a271a8998c04?utm_source=1047&utm_campaign=full_time_airtable,On Site,"Lakeville, MN",Camping World,10000+,"E-Commerce,Retail",$14-$17.40 /hr,"1. Ability to work daily on a computer and perform internet searches as needed
2. Excellent organization and follow up skills are required
3. May lift up to 25 lbs and/or move up to 50 lbs. with assistive devices
4. Periods of standing, stooping, crawling, and bending",Product Management,not sure,
"Administrative Assistant, Design and Product Development",2025-07-21,https://jobright.ai/jobs/info/687ec4d9db19f31cf0d6cf26?utm_source=1047&utm_campaign=full_time_airtable,On Site,"City of Industry, CA",Fortune Dynamic Inc,51-100,"Fashion,Shoes",$45K-$48K /yr,"1. Basic computer skills
2. Basic Microsoft Excel skills
3. Legally authorized to work in the United States
4. 18 years or older
5. Must be able to remain in a stationary position 50% of the time, constantly operating a computer and other office technology, such as a calculator, copy machine and printer
...",Product Management,no,
Associate Category Manager,2025-07-21,https://jobright.ai/jobs/info/687e954c764c3d7411c44962?utm_source=1047&utm_campaign=full_time_airtable,Hybrid,"Multi Location
Chicago, IL
Chicago, Illinois, United States",Zoro.com,501-1000,"Automotive,Construction","$58,000-$96,700 /yr","1. Experience analyzing data, building presentations and communicating effectively through data
2. Strong analytical and problem-solving skills
3. Curious and rapid learning ability
4. Ability to be flexible and adaptable to work in a fast-paced, agile environment
5. Ability to communicate in a clear and compelling manner in written, verbal, and interpersonal forms
...",Product Management,not sure,
"Analyst, Product Integration",2025-07-21,https://jobright.ai/jobs/info/687eb46f764c3d7411c459dc?utm_source=1047&utm_campaign=full_time_airtable,On Site,"Los Angeles, CA",TBWA\Chiat\Day,501-1000,"Electronics,Manufacturing",$50K-$65K /yr,"1. Strong interest in automotive
2. Proficient in Microsoft Office (Excel and Word)
3. Proficient in Google Drive
4. Comfortable working with large data sheets
5. Strong presentation skills
...",Product Management,not sure,
Product Development Assistant,2025-07-21,https://jobright.ai/jobs/info/687e8c90764c3d7411c4431c?utm_source=1047&utm_campaign=full_time_airtable,On Site,"Newtown, PA",Doll 10 Beauty,11-50,"Beauty,Consumer Goods",$15-$18 /hr,"1. Proficient with Microsoft products (Outlook, Teams, Excel, Word).
2. Proven ability to manage multiple projects with a high level of detail in a deadline-driven, changing environment.
3. Strong organizational, interpersonal, and collaborative skills.
4. Ability to build relationships within the organization and with our vendors.
5. Quick learner open to new experiences who is dependable and self-motivated.
...",Product Management,not sure,
Product Demonstrator ($18/hr + Commission),2025-07-21,https://jobright.ai/jobs/info/687e85e5db19f31cf0d6ad3b?utm_source=1047&utm_campaign=full_time_airtable,On Site,"Multi Location
Fultondale, AL
Spring Hill, TN
Liberty, MO
Saginaw, MI",Leaf Home,1001-5000,Consumer Goods,$18-$18 /hr,"1. Excellent verbal communication skills
2. Self-motivated
3. Dependable
4. Reliable transportation
5. Weekend availability
...",Product Management,not sure,
Associate Product Manager | Lonely Planet,2025-07-21,https://jobright.ai/jobs/info/687910d7ed63844c94498552?utm_source=1047&utm_campaign=full_time_airtable,Remote,United States,Red Ventures,1001-5000,"Content,Digital Media",$60000-$100000 /yr,"1. 1–3 years of experience in product management for consumer-facing digital products.
2. Passion for travel and a profound understanding of the modern traveler's journey.
3. Experience utilizing data analysis and visualization tools (such as Databricks, SQL, Looker, Amplitude) to extract and synthesize user data for actionable insights.
4. Ability to translate qualitative and quantitative insights into clear, concise recommendations to shape product decisions.
5. Entrepreneurial mindset, focusing on the product vision while starting small to learn and iterate.
...",Product Management,not sure,
"Associate, Product Management & Development",2025-07-21,https://jobright.ai/jobs/info/686229b18221679ca32e192e?utm_source=1047&utm_campaign=full_time_airtable,On Site,"Dallas, TX",S&P Global,10000+,"Analytics,Business Intelligence",$46K-$85K /yr,"1. Degree/Masters in relevant field
2. High level of interest in research and analyzing companies
3. Strong problem-solving skills
4. Exceptional energy and drive
5. Ability to adapt and support new business opportunities
...",Product Management,no,
Representante de Cuentas con Entrega de Productos,2025-07-20,https://jobright.ai/jobs/info/6860a17c324345d7fd73e6de?utm_source=1047&utm_campaign=full_time_airtable,On Site,"Carolina, NC",Rent-A-Center,10000+,"E-Commerce,Electronics",$10-$11.24 /hr,"1. Diploma de High School o Equivalente
2. Debe tener al menos 18 años de edad
3. Licencia de conducir válida y un buen record choferil--Estarás conduciendo vehículos de la compañía
4. Puede levantar y mover objetos pesados
5. Habilidades de comunicación y de servicio al cliente
...",Product Management,not sure,
Graduate Product Manager (relocate to Europe),2025-07-20,https://jobright.ai/jobs/info/687d85dd764c3d7411c3d116?utm_source=1047&utm_campaign=full_time_airtable,Hybrid,"Multi Location
New York, NY
Chicago, IL
San Francisco, CA",Bending Spoons,251-500,"Apps,Mobile Apps",$64K-$150K /yr,"1. Reasoning ability. Given the necessary knowledge, you can solve complex problems. You think from first principles, and structure your ideas sharply. You resist the influence of biases. You identify and take care of the details that matter.
2. Drive. You’re extremely ambitious in everything you do—and your initiative, effort, and tenacity match the intensity of your ambition. You feel deeply responsible for your work. You hold yourself to a high—and rising—bar.
3. Team spirit. You give generously and without the expectation of receiving in return. You support the best idea, not your idea. You're always happy to get your hands dirty to help your team. You’re reliable, honest, and transparent.
4. Proficiency in English. You read, write, and speak proficiently in English.",Product Management,not sure,
"Senior Associate, Product Management - Business Cards & Payments",2025-07-20,https://jobright.ai/jobs/info/6844d41c901300778d20af95?utm_source=1047&utm_campaign=full_time_airtable,On Site,"Richmond, VA",Capital One,10000+,"Banking,Credit Cards",$109000-$124400 /yr,"1. Bachelor’s degree or military experience
2. At least 1 year of product management experience or at least 1 year of experience in product design, agile delivery, business analysis, data science, or software engineering",Product Management,no,
Associate Product Manager - AXS,2025-07-20,https://jobright.ai/jobs/info/687e0f632097a271a8992b2a?utm_source=1047&utm_campaign=full_time_airtable,On Site,"Los Angeles, CA",Aeg Worldwide Inc,11-50,,"$81,209-$105,000 /yr","1. BA/BS Degree (4-year) or equivalent experience required; degree in Business, Management Information Systems, Computer Science or related field preferred
2. 1-3 years’ experience in a Product Management/Product Owner Role
3. Strong execution skills, with demonstrated experience managing sprint ceremonies, backlogs, and cross-functional coordination across engineering and QA
4. Skilled in Jira and backlog management to ensure smooth sprint execution
5. Knowledge of Agile/SDLC delivery methodologies
...",Product Management,not sure,
Product Demonstrator ($18/hr),2025-07-19,https://jobright.ai/jobs/info/687f31ee9f72804245702050?utm_source=1047&utm_campaign=full_time_airtable,On Site,"Multi Location
Canandaigua, NY
Apex, NC
Belleville, IL
Delavan, WI",Leaf Home,1001-5000,Consumer Goods,$18-$18 /hr,"1. Excellent verbal communication skills
2. Self-motivated
3. Dependable
4. Reliable transportation
5. Weekend availability
...",Product Management,not sure,
"Senior Associate, Product Management: Premium Products & Experiences",2025-07-19,https://jobright.ai/jobs/info/685e8eed181384c673d7dfed?utm_source=1047&utm_campaign=full_time_airtable,On Site,"Multi Location
New York, NY
McLean, VA
Richmond, VA",Capital One,10000+,"Banking,Credit Cards",$109000-$124400 /yr,"1. Bachelor’s degree or military experience
2. At least 1 year of experience working in Product Management",Product Management,no,
Product Specialist Advisor,2025-07-19,https://jobright.ai/jobs/info/687c32d9764c3d7411c365ed?utm_source=1047&utm_campaign=full_time_airtable,On Site,"Multi Location
Wichita, KS
St Augustine, FL",Camping World,10000+,"E-Commerce,Retail",$14-$16 /hr,"1. Ability to work daily on a computer and perform internet searches as needed
2. Excellent organization and follow up skills are required
3. A valid driver's license may be required
4. May lift up to 25 lbs and/or move up to 50 lbs. with assistive devices
5. Periods of standing, stooping, crawling, and bending",Product Management,not sure,
Seasonal Product Operations Coordinator,2025-07-19,https://jobright.ai/jobs/info/6841e7ada9cc09dc8db102e1?utm_source=1047&utm_campaign=full_time_airtable,On Site,"Inglewood, CA",National Football League (NFL),1001-5000,"American Football,Media and Entertainment",$37-$37 /hr,"1. Ability to quickly learn new systems and programs
2. Excellent problem-solving ability; highly motivated to drive positive change
3. Strong interpersonal, verbal, and written communication skills
4. Excels collaborating with teams
5. Able to manage multiple tasks and prioritize in a fast pace environment
...",Product Management,no,
"Senior Associate, Product Manager - Business Cards & Payments (Card Capabilities)",2025-07-19,https://jobright.ai/jobs/info/67f6af054e17ed218c44667b?utm_source=1047&utm_campaign=full_time_airtable,On Site,"Multi Location
Richmond, VA
McLean, VA",Capital One,10000+,"Banking,Credit Cards",$109000-$124400 /yr,"1. Bachelor’s degree or military experience
2. At least 1 year of product management experience or at least 1 year of experience in product design, agile delivery, business analysis, data science, or software engineering",Product Management,no,
Product Manager Graduate (TikTok-Product-Social and Creation) - 2025 Start (MBA),2025-07-19,https://jobright.ai/jobs/info/6878801bae2f413e4a5c358a?utm_source=1047&utm_campaign=full_time_airtable,On Site,"San Jose, CA",TikTok,10000+,"Content Creators,Content Discovery",$149K-$246K /yr,"1. Recently or currently enrolled in a MBA program with a graduation date between December 2024-December of 2025.
2. Experience or coursework in product management, data science, consulting, or similar fields.
3. Exposure to working on B2C products and/or social products.
4. Strong logical thinking skills, capable of contributing to product planning and design with a clear understanding of how the product roadmap aligns with TikTok's overall goals.
5. Demonstrated leadership potential, with excellent collaboration and communication skills to build trusted relationships with cross-functional teams.",Product Management,not sure,yes
"Product Control, Middle Office, Hedge Fund Services",2025-07-18,https://jobright.ai/jobs/info/687ca2af2097a271a898c2ec?utm_source=1047&utm_campaign=full_time_airtable,On Site,"Tempe, AZ",ACCA Careers,11-50,,$74K-$126K /yr,"1. Minimum 0-5 years of industry experience in one or more of the following fields: Valuations, Alternative asset operations, P&L/Performance
2. Experience in a middle office, product control, valuation or audit environment
3. Ability to prioritize, multi-task, and perform effectively under deadlines.
4. Understanding of the daily P&L process including reporting of T+0 Estimate and T+1 Actual P&L, performing daily quality control checks, and resolving valuation discrepancies
5. Understanding of alternative investment custodians, administrators, and service providers.
...",Product Management,not sure,yes
"Senior Product Manager, Media Analytics",2025-07-18,https://jobright.ai/jobs/info/687af97d764c3d7411c30488?utm_source=1047&utm_campaign=full_time_airtable,Hybrid,"Miami, Florida",Publicis Communications,51-100,,"$87,210-$119,300 /yr","1. 1-3 years of product-related experience
2. Experience gathering and documenting business and functional requirements in support of product development
3. Experience working with JIRA, or equivalent
4. Comfortable working in an environment where priorities may shift due to business, product, or user needs.
5. Thrives on brainstorming and building innovative solutions that consistently challenge the status quo
...",Product Management,not sure,
Urban Outfitters Product Flow Specialist,2025-07-18,https://jobright.ai/jobs/info/687ca4f5764c3d7411c3a823?utm_source=1047&utm_campaign=full_time_airtable,On Site,"Los Angeles, CA",Urban Outfitters,10000+,"Apparel,E-Commerce",$18.76-$18.76 /hr,"1. Ability to work flexible hours to meet the needs of the store product flow demand (including mornings, nights, and weekends).
2. Proven track record in leading operational processes and achieving measurable results.
3. Eagerness to learn and grow within the organization.",Product Management,not sure,
Product Development Coordinator,2025-07-18,https://jobright.ai/jobs/info/687b1f83ed63844c944a6ab3?utm_source=1047&utm_campaign=full_time_airtable,On Site,"Commerce, CA",Alo Yoga,501-1000,"Apparel,Fashion",$69K-$70K /yr,"1. Must have a Bachelor’s Degree or equivalent experience
2. Must have 1-3 years of experience in the apparel industry
3. Ability to multi-task and manage multiple projects on an ongoing basis
4. Excellent written and verbal communication skills
5. Excellent organizational and time management skills with appropriate sense of urgency
...",Product Management,not sure,
Product Specialist,2025-07-18,https://jobright.ai/jobs/info/687c895d2097a271a898ac83?utm_source=1047&utm_campaign=full_time_airtable,On Site,"Oshkosh, WI",Camping World,10000+,"E-Commerce,Retail",$14-$17 /hr,"1. Ability to work daily on a computer and perform internet searches as needed
2. Excellent organization and follow up skills are required
3. A valid driver's license may be required
4. May lift up to 25 lbs and/or move up to 50 lbs. with assistive devices
5. Periods of standing, stooping, crawling, and bending",Product Management,not sure,
Product Specialist Advisor,2025-07-18,https://jobright.ai/jobs/info/687b7c3aed63844c944a7f63?utm_source=1047&utm_campaign=full_time_airtable,On Site,"Multi Location
Hugo, MN
Chichester, NH",Camping World,10000+,"E-Commerce,Retail",$14-$17 /hr,"1. Ability to work daily on a computer and perform internet searches as needed
2. Excellent organization and follow up skills are required
3. A valid driver's license may be required
4. May lift up to 25 lbs and/or move up to 50 lbs. with assistive devices
5. Periods of standing, stooping, crawling, and bending",Product Management,not sure,
Product Development Coordinator,2025-07-18,https://jobright.ai/jobs/info/687b3e17ed63844c944a6fa7?utm_source=1047&utm_campaign=full_time_airtable,On Site,"Commerce, California, United States",Alo Yoga,501-1000,"Apparel,Fashion",$68640-$70000 /yr,"1. Must have a Bachelor’s Degree or equivalent experience
2. Must have 1-3 years of experience in the apparel industry
3. Ability to multi-task and manage multiple projects on an ongoing basis
4. Excellent written and verbal communication skills
5. Excellent organizational and time management skills with appropriate sense of urgency
...",Product Management,not sure,
Product Owner - Actuarial Systems (Hybrid),2025-07-18,https://jobright.ai/jobs/info/687b95b6ed63844c944a9653?utm_source=1047&utm_campaign=full_time_airtable,Hybrid,"St Paul, MN",Securian Financial,1001-5000,"Financial Services,Insurance",$84K-$155K /yr,"1. 1+ years’ experience as a product owner, demonstrating the ability to deliver measurable business value and outcomes, or supporting product owners in achieving these goals.
2. Strategic thinker, analytical, and results driven.
3. Proven leadership skills to guide the creation of a self-organizing team, assertively manage business priorities and opposing viewpoints, and adhere to Agile concepts and principles.
4. In-depth understanding of Agile practices, including iterative development, incremental delivery, backlog management, burn down metrics, velocity, and task definition.
5. Strong communication, facilitation, and interpersonal skills to connect and engage team members, facilitate discussions, advocate for the team, negotiate with business/corporate areas, mentor/coach team members, and resolve conflicts.
...",Product Management,not sure,
Global Transactional FX Product Associate,2025-07-18,https://jobright.ai/jobs/info/68709f3f01cc0956e7e839fb?utm_source=1047&utm_campaign=full_time_airtable,On Site,"Multi Location
Charlotte, NC
New York, NY",Bank of America,10000+,"Asset Management,Banking",$95K-$107K /yr,"1. Confident and Agile: Seeking strong communicators who value giving and receiving feedback, easily build relationships, and are quick-thinking, flexible, and continually learning and sharing knowledge
2. Exhibit the foundation for a breadth of understanding of the business challenges facing the bank’s clients, as they relate to cross-border payments and FX. An ability to translate this knowledge into smart business & process decisions that deepen client relationships and increase market & wallet share.
3. Ability to analyze, determine, drive and build solutions, both independently and in collaboration with team management and across GPS Product, Platform, & Sales teams.
4. Propensity to develop strong grasp of critical principles of risk management, including compliance & operational risk.
5. Track record of developing and executing on product growth plans and strategies or of accomplishing comparable objectives
...",Product Management,not sure,
"Senior Associate, Product Management - Robotic Process Automation (RPA) Team",2025-07-18,https://jobright.ai/jobs/info/6842561de0e0c2d2e42babf4?utm_source=1047&utm_campaign=full_time_airtable,On Site,"McLean, VA",Capital One,10000+,"Banking,Credit Cards",$109000-$124400 /yr,"1. Bachelor’s Degree or Military experience
2. At least 1 year of product management experience or at least 1 year of experience in product design, agile delivery, business analysis, data science or software engineering",Product Management,no,
"Product Management Senior Associate, Commercial Banking",2025-07-18,https://jobright.ai/jobs/info/685c51937e9889ec8ba4753d?utm_source=1047&utm_campaign=full_time_airtable,On Site,"Charlotte, NC",Capital One,10000+,"Banking,Credit Cards",$99100-$113100 /yr,"1. Bachelor’s degree or military experience
2. At least 1 year of product management experience or at least 1 year of experience in product design, agile delivery, business analysis, data science, or software engineering",Product Management,no,
850 - Product Demonstrator ($18/hr + Weekly Pay),2025-07-17,https://jobright.ai/jobs/info/687dc125ed63844c944b42f4?utm_source=1047&utm_campaign=full_time_airtable,On Site,"Waxahachie, TX",Leaf Home,1001-5000,Consumer Goods,$18-$18 /hr,"1. Excellent verbal communication skills
2. Self-motivated
3. Dependable
4. Reliable transportation
5. Weekend availability
...",Product Management,not sure,
Cookware Product & Insights Analyst,2025-07-17,https://jobright.ai/jobs/info/6879833b2097a271a8978221?utm_source=1047&utm_campaign=full_time_airtable,Hybrid,"Vallejo, CA",Meyer,1001-5000,"Consumer Goods,Cooking",$68640-$80000 /yr,"1. Critical thinking and analytical problem-solving skills
2. High degree of integrity, credibility, sense of urgency and common sense
3. Proficiency in using Microsoft Suite, Google Suite and the Internet
4. Time management skills and the ability to multitask
5. Organizational and project management skills to meet deadlines",Product Management,not sure,
Product Development Coordinator,2025-07-17,https://jobright.ai/jobs/info/684cc74ba4825eea24741450?utm_source=1047&utm_campaign=full_time_airtable,On Site,"Los Angeles, CA",Golden Hippo®,1001-5000,"Consumer Goods,E-Commerce",$20-$27 /hr,"1. Excellent leadership and interpersonal skills.
2. Demonstrated ability to work effectively in a fast-paced environment.
3. High attention to detail.
4. Excellent organizational and communication skills.
5. Excellent project and time management skills and the ability to manage multiple projects, meet critical project milestones, and communicate cross functionally.
...",Product Management,not sure,
Product Development Assistant - West Elm,2025-07-17,https://jobright.ai/jobs/info/687939baa7fc8904e3960dfd?utm_source=1047&utm_campaign=full_time_airtable,On Site,"New York, NY",West Elm,1001-5000,"Furniture,Home Decor",$60K-$65K /yr,"1. Proficiency in Microsoft Outlook and Office, particularly Excel
2. This role requires being onsite in the Dumbo Brooklyn office",Product Management,no,
Product Owner - Actuarial Systems (Hybrid),2025-07-17,https://jobright.ai/jobs/info/687b87602097a271a8984b42?utm_source=1047&utm_campaign=full_time_airtable,Hybrid,"Saint Paul, MN Campus",Allied Solutions LLC,1001-5000,"Financial Services,Information Technology",$84000-$155000 /yr,"1. 1+ years’ experience as a product owner, demonstrating the ability to deliver measurable business value and outcomes, or supporting product owners in achieving these goals.
2. Strategic thinker, analytical, and results driven.
3. Proven leadership skills to guide the creation of a self-organizing team, assertively manage business priorities and opposing viewpoints, and adhere to Agile concepts and principles.
4. In-depth understanding of Agile practices, including iterative development, incremental delivery, backlog management, burn down metrics, velocity, and task definition.
5. Strong communication, facilitation, and interpersonal skills to connect and engage team members, facilitate discussions, advocate for the team, negotiate with business/corporate areas, mentor/coach team members, and resolve conflicts.
...",Product Management,not sure,
"Sr. Associate, Product Management - Risk Management",2025-07-17,https://jobright.ai/jobs/info/6840fc5f7796e759c13e687d?utm_source=1047&utm_campaign=full_time_airtable,On Site,"Richmond, VA",Capital One,10000+,"Banking,Credit Cards",$109000-$124400 /yr,"1. Bachelor’s degree or military experience
2. At least 1 year of product management experience or at least 1 year of experience in product design, agile delivery, business analysis, data science, or software engineering",Product Management,no,
Associate - Digital Product Management (Business Banking),2025-07-17,https://jobright.ai/jobs/info/6878ae7d5cebcd1dd51dd29b?utm_source=1047&utm_campaign=full_time_airtable,Hybrid,"New York, NY",American Express,10000+,"Credit Cards,Finance",$60K-$110K /yr,"1. The ideal candidate is a proactive, organized, and a results-oriented individual
2. Ability to build relationships and collaborate effectively
3. Exceptional oral and written communication skills and strong project management experience with the ability to manage multiple priorities / projects
4. Customer-first, curious mindset with a desire to create and deliver best-in-class customer experiences
5. A structured thinker with strong problem solving and analytical skills
...",Product Management,no,
"Product Manager, Digital Client Platforms",2025-07-16,https://jobright.ai/jobs/info/687c8e77764c3d7411c38f2b?utm_source=1047&utm_campaign=full_time_airtable,On Site,"Weehawken, NJ",UBS,10000+,"Asset Management,Banking",$80K-$100K /yr,"1. 1+ years of digital product management or business analyst experience within the financial services industry (e.g. wealth management, banking, or brokerage)
2. experience working in agile teams
3. Client-obsessed
4. Excellent verbal and written communication skills
5. Team player with an enthusiastic and proactive personality
...",Product Management,not sure,
Product Associate - Alternatives,2025-07-16,https://jobright.ai/jobs/info/687803405cebcd1dd51d6fa9?utm_source=1047&utm_campaign=full_time_airtable,On Site,"Newport Beach, CA",PIMCO,1001-5000,"Banking,Crowdfunding",$105K-$115K /yr,"1. Bachelor’s degree in Finance, Economics, Accounting, Mathematics, Engineering, or other related disciplines
2. Minimum of 1-3 years of relevant experience (preferably in Alternatives)
3. Strong mathematical and quantitative abilities
4. Strong written and oral communication skills
5. Intellectual curiosity
...",Product Management,not sure,
AMD Public-Chicago-Associate-Product Management,2025-07-16,https://jobright.ai/jobs/info/683e64e86749add12751709d?utm_source=1047&utm_campaign=full_time_airtable,On Site,"Chicago, IL",Goldman Sachs,10000+,"Banking,Finance",$75K-$120K /yr,"1. 1-3 years of experience in product management, sales operations, business analytics, or a related field
2. Understanding of sales processes, CRM systems (e.g., Salesforce, HubSpot), and sales enablement tools
3. Strong analytical skills with experience working with data (e.g., dashboards, SQL, or BI tools like Tableau or Looker)
4. Excellent communication and stakeholder management skills
5. Ability to collaborate cross-functionally and manage multiple priorities in a fast-paced environment
...",Product Management,not sure,
"Product Analyst I, Verifications ( Identity & Trust)",2025-07-15,https://jobright.ai/jobs/info/68774b355cebcd1dd51d2299?utm_source=1047&utm_campaign=full_time_airtable,Hybrid,"Seattle, Washington United States",Remitly,1001-5000,"Financial Services,FinTech",$84000-$105000 /yr,"1. 1+ years of experience in a product analyst or similar role
2. 1+ years of experience using SQL for analysis
3. Bachelor's degree in mathematics, engineering, economics, or another quantitative field (or equivalent additional experience)
4. Experience communicating technical information to non-technical audiences, including data visualization, technical writing, and business writing
5. Experience finding creative solutions within the constraints of complex systems and policies",Product Management,not sure,
Associate Product Manager,2025-07-15,https://jobright.ai/jobs/info/6877214d299cbc74b8763d6a?utm_source=1047&utm_campaign=full_time_airtable,On Site,"Los Angeles, CA",AXS,501-1000,Media and Entertainment,$81K-$105K /yr,"1. BA/BS Degree (4-year) (bachelor's degree or equivalent experience required; degree in Business, Management Information Systems, Computer Science or related field preferred)
2. 1-3 years' experience in a Product Management/Product Owner Role.
3. Strong execution skills, with demonstrated experience managing sprint ceremonies, backlogs, and cross-functional coordination across engineering and QA.
4. Skilled in Jira and backlog management to ensure smooth sprint execution.
5. Knowledge of Agile/SDLC delivery methodologies.
...",Product Management,not sure,
Associate Product Manager - AXS,2025-07-15,https://jobright.ai/jobs/info/6876c64e299cbc74b87607d8?utm_source=1047&utm_campaign=full_time_airtable,On Site,"Los Angeles, CA",AEG,10000+,"Card and Board Games,Leisure",$81K-$105K /yr,"1. BA/BS Degree (4-year) bachelor’s degree or equivalent experience required; degree in Business, Management Information Systems, Computer Science or related field preferred.
2. 1-3 years’ experience in a Product Management/Product Owner Role.
3. Strong execution skills, with demonstrated experience managing sprint ceremonies, backlogs, and cross-functional coordination across engineering and QA.
4. Skilled in Jira and backlog management to ensure smooth sprint execution.
5. Knowledge of Agile/SDLC delivery methodologies.
...",Product Management,not sure,
"Associate Product Manager (12-months), Augmented Beauty Tech Incubator, L'Oréal Research & Innovation",2025-07-15,https://jobright.ai/jobs/info/6876c237ae2f413e4a5b3469?utm_source=1047&utm_campaign=full_time_airtable,Hybrid,"Clark, NJ",L'Oréal,10000+,"Beauty,Cosmetics",$40.87-$40.87 /hr,"1. A recent graduate (within one year of graduation) with a BS and/or MS in Chemistry, Product Design, Human Computer Interaction, Mechanical Engineering, or a similar STEM field
2. Able to commute to the L’Oréal office, located in Clark, New Jersey at least three days a week
3. Able to work in the USA on an ongoing basis
4. Available for occasional travel (up to 10%)
5. Ability to move quickly in a fast-paced and sometimes ambiguous environment
...",Product Management,not sure,
TAG AI Product Coordinator,2025-07-15,https://jobright.ai/jobs/info/6876cbad299cbc74b8760bcc?utm_source=1047&utm_campaign=full_time_airtable,On Site,"Washington, DC",The Asia Group,101-250,"Consulting,CRM",$65K-$95K /yr,"1. Bachelor’s degree in Information Systems, Business Analytics, Communications, Computer Science, Marketing Analytics, Digital Marketing, or a similar field
2. Familiarity with product analytics and experimentation tools
3. Strong analytical and problem-solving skills; attention to detail is a must
4. Excellent communication, collaboration, and storytelling skills
5. Excellent communication and documentation skills for both technical and non-technical audiences
...",Product Management,not sure,
837 - Product Demonstrator ($18/hr + Commission),2025-07-14,https://jobright.ai/jobs/info/687c9047ed63844c944af268?utm_source=1047&utm_campaign=full_time_airtable,On Site,"Charleston, SC",Leaf Home,1001-5000,Consumer Goods,$18-$18 /hr,"1. Excellent verbal communication skills
2. Self-motivated
3. Dependable
4. Reliable transportation
5. Weekend availability
...",Product Management,not sure,
"Product Analyst I, Warehouse Systems (Remote)",2025-07-14,https://jobright.ai/jobs/info/68762c1bae2f413e4a5ad7a4?utm_source=1047&utm_campaign=full_time_airtable,Hybrid,"Rosemont, IL",US Foods,10000+,"E-Commerce,Food and Beverage",$55K-$90K /yr,"1. Bachelor’s degree in Computer Science, Business Administration, Information Systems, OR equivalent work experience",Product Management,not sure,
1371 - Product Demonstrator ($18/hr + Commission),2025-07-14,https://jobright.ai/jobs/info/687dd2fded63844c944b4c27?utm_source=1047&utm_campaign=full_time_airtable,On Site,"Houston, TX",Leaf Home,1001-5000,Consumer Goods,$18-$18 /hr,"1. Excellent verbal communication skills
2. Self-motivated
3. Dependable
4. Reliable transportation
5. Weekend availability
...",Product Management,not sure,
1370 - Product Demonstrator ($18/hr + Commission),2025-07-14,https://jobright.ai/jobs/info/687f2082764c3d7411c496b0?utm_source=1047&utm_campaign=full_time_airtable,On Site,"Pasadena, TX",Leaf Home,1001-5000,Consumer Goods,$18-$18 /hr,"1. Must be willing to work weekends (Friday, Saturday, Sunday) (viernes, sábado, domingo)
2. Reliable transportation to and from work location
3. Attention to detail and punctual
4. Self-motivated with a strong desire to educate potential customers about our product line
5. High level of energy and engagement for extended periods of time
...",Product Management,not sure,
1294 - Product Specialist,2025-07-14,https://jobright.ai/jobs/info/687c6ecbed63844c944ad798?utm_source=1047&utm_campaign=full_time_airtable,On Site,"Bardstown, KY",Leaf Home,1001-5000,Consumer Goods,$18-$18 /hr,"1. Excellent verbal communication skills
2. Self-motivated
3. Dependable
4. Reliable transportation
5. Weekend availability
...",Product Management,not sure,
874 - Product Demonstrator ($18/hr + Commission),2025-07-14,https://jobright.ai/jobs/info/687f086b9f72804245700504?utm_source=1047&utm_campaign=full_time_airtable,On Site,"Bethel Park, PA",Leaf Home,1001-5000,Consumer Goods,$18-$18 /hr,"1. Excellent verbal communication skills
2. Self-motivated
3. Dependable
4. Reliable transportation
5. Weekend availability
...",Product Management,not sure,
Product Demonstrator ($18hr + Commission),2025-07-14,https://jobright.ai/jobs/info/687b736c2097a271a8984257?utm_source=1047&utm_campaign=full_time_airtable,On Site,"Multi Location
Milford, OH
Cincinnati, OH",Leaf Home,1001-5000,Consumer Goods,$18-$18 /hr,"1. Excellent verbal communication skills
2. Self-motivated
3. Dependable
4. Reliable transportation
5. Weekend availability
...",Product Management,not sure,
"Sr. Associate, Product Management",2025-07-14,https://jobright.ai/jobs/info/6875a39dae2f413e4a5a8987?utm_source=1047&utm_campaign=full_time_airtable,On Site,"Multi Location
Chicago, IL
New York, NY
McLean, VA",Capital One,10000+,"Banking,Credit Cards",$99100-$113100 /yr,"1. Bachelor’s degree or military experience
2. At least 1 year of product management experience or at least 1 year of experience in product design, agile delivery, business analysis, data science, or software engineering",Product Management,no,
"Sr. Associate, Product Management - Customer Services & Strategy (US Card)",2025-07-14,https://jobright.ai/jobs/info/6875a1ceae2f413e4a5a889a?utm_source=1047&utm_campaign=full_time_airtable,On Site,"New York, NY",Capital One,10000+,"Banking,Credit Cards",$99100-$113100 /yr,"1. Bachelor’s degree or military experience
2. At least 1 year of product management experience or at least 1 year of experience in product design, agile delivery, business analysis, data science, or software engineering",Product Management,no,
"Vice President, POM Product Owner I",2025-07-14,https://jobright.ai/jobs/info/687563005cebcd1dd51c01a4?utm_source=1047&utm_campaign=full_time_airtable,On Site,"New York, NY",BNY,10000+,,$81K-$147K /yr,"1. Bachelor's degree in business management or a related discipline, or equivalent work experience required.
2. 1-3 years of product experience.
3. 3-5 years in a financial industry.
4. 6+ years of total work experience.",Product Management,not sure,
847 - Product Demonstrator ($18/hr + Commission),2025-07-14,https://jobright.ai/jobs/info/687e3b7fdb19f31cf0d68c99?utm_source=1047&utm_campaign=full_time_airtable,On Site,"Champaign, IL",Leaf Home,1001-5000,Consumer Goods,$18 /hr,"1. Excellent verbal communication skills
2. Self-motivated
3. Dependable
4. Reliable transportation
5. Weekend availability
...",Product Management,not sure,
834 - Product Demonstrator,2025-07-13,https://jobright.ai/jobs/info/687dae7c764c3d7411c3da7a?utm_source=1047&utm_campaign=full_time_airtable,On Site,"Multi Location
Lexington, SC
West Columbia, SC",Leaf Home,1001-5000,Consumer Goods,$18-$18 /hr,"1. Excellent verbal communication skills
2. Self-motivated
3. Dependable
4. Reliable transportation
5. Weekend availability
...",Product Management,not sure,
1257 - Product Demonstrator ($18/hr + Commission),2025-07-13,https://jobright.ai/jobs/info/687daa9f2097a271a898efac?utm_source=1047&utm_campaign=full_time_airtable,On Site,"Austin, TX",Leaf Home,1001-5000,Consumer Goods,$18 /hr,"1. Excellent verbal communication skills
2. Self-motivated
3. Dependable
4. Reliable transportation
5. Weekend availability
...",Product Management,not sure,
"Product Manager, Lash Category",2025-07-12,https://jobright.ai/jobs/info/687c855e2097a271a898a8e9?utm_source=1047&utm_campaign=full_time_airtable,On Site,"Port Washington, NY","Kiss Products, Inc.",501-1000,"Consumer Goods,Cosmetics",$69K-$137K /yr,"1. Associates of Arts (A.A)
2. 0 - 2 years of relevant experience or industry exposure in a related field
3. Communication
4. Korean",Product Management,yes,yes
"Assistant Product Manager, Lash Category",2025-07-12,https://jobright.ai/jobs/info/687c5824ed63844c944ace65?utm_source=1047&utm_campaign=full_time_airtable,On Site,"Multi Location
Port Washington, NY
HQ_Port Washington, NY","Kiss Products, Inc.",501-1000,"Consumer Goods,Cosmetics",$22.75-$44.50 /hr,"1. Associates of Arts (A.A)
2. 0 - 2 years of relevant experience or industry exposure in a related field
3. Communication
4. Korean",Product Management,yes,yes
Coordinator Product Development,2025-07-12,https://jobright.ai/jobs/info/685613cd9be3c8c32e9856f3?utm_source=1047&utm_campaign=full_time_airtable,On Site,"Paramus, NJ","Movado Group, Inc",1001-5000,"Consumer,Consumer Goods",$25-$25 /hr,"1. 0–1 year of relevant experience in a product development or related role.
2. Bachelor’s degree required.
3. Familiarity with the end-to-end product development process is a plus.
4. Awareness of current market and fashion trends.
5. Understanding of brand positioning and product lines is advantageous.
...",Product Management,not sure,yes
844 - Product Demonstrator ($18/hr + Commission),2025-07-11,https://jobright.ai/jobs/info/687b784c2097a271a89844d4?utm_source=1047&utm_campaign=full_time_airtable,On Site,"Lansing, MI",Leaf Home,1001-5000,Consumer Goods,$18 /hr,"1. Excellent verbal communication skills
2. Self-motivated
3. Dependable
4. Reliable transportation
5. Weekend availability
...",Product Management,not sure,
Product Coordinator,2025-07-11,https://jobright.ai/jobs/info/6854a177536967a6bdc280a5?utm_source=1047&utm_campaign=full_time_airtable,On Site,"San Francisco, CA","Williams-Sonoma, Inc.",10000+,,$23-$25 /hr,"1. High School Diploma required
2. 1-3 years of retail, customer service and warehouse environment
3. Well-organized, high attention to detail, deadline-oriented
4. Excellent written and verbal communication skills
5. Professional demeanor and ability to interact at the executive level
...",Product Management,no,
Product Owner Specialist I,2025-07-11,https://jobright.ai/jobs/info/6838a5ef7de83e858a3a9d3f?utm_source=1047&utm_campaign=full_time_airtable,Hybrid,"Springfield, IL",Horace Mann,1001-5000,"Auto Insurance,Financial Services",$25-$37 /hr,"1. Collaboration skills
2. Superb attention to detail, a positive attitude, and effective problem-solving skills",Product Management,not sure,
"Sr. Associate, Product Management, DMDC",2025-07-11,https://jobright.ai/jobs/info/6873a7c74001e95011b188b4?utm_source=1047&utm_campaign=full_time_airtable,On Site,"McLean, VA",Capital One,10000+,"Banking,Credit Cards",$109000-$124400 /yr,"1. Bachelor’s degree or military experience
2. At least 1 year of product management experience or at least 1 year of experience in product design, agile delivery, business analysis, data science, or software engineering",Product Management,no,
Product Development Assistant,2025-07-10,https://jobright.ai/jobs/info/687087e001cc0956e7e82a63?utm_source=1047&utm_campaign=full_time_airtable,On Site,"New York, NY",Centric Brands,1001-5000,"Apparel,Beauty",$55K-$60K /yr,"1. Superior organizational skills and excellent communication skills; team oriented.
2. Ability to multi-task and meet deadlines in a fast-paced environment.
3. Highly detail oriented, meticulous, excellent note taker.
4. Knowledgeable in PLM – experience is a plus.
5. Solution-driven problem solver.
...",Product Management,not sure,
Product Development Assistant,2025-07-10,https://jobright.ai/jobs/info/6870400001cc0956e7e80948?utm_source=1047&utm_campaign=full_time_airtable,On Site,"City of Industry, CA",Torrid,5001-10000,"E-Commerce,Fashion",$22.88-$28 /hr,"1. 1 to 2 years experience.
2. Have strong communication and organization skills, initiative and follow-up skills
3. Able to handle multiple projects
4. Knowledge of Excel, Word, Microsoft Outlook",Product Management,not sure,
Product Development Coordinator,2025-07-10,https://jobright.ai/jobs/info/68701a7e06ad7073463bb136?utm_source=1047&utm_campaign=full_time_airtable,On Site,"Carlsbad, CA",Vuori,501-1000,"Apparel,Brand Marketing",$26-$33 /hr,"1. Bachelor’s degree in Business, Engineering, Manufacturing and/or equivalent experience needed
2. Exceptional communication
3. Aptitude for systems and systematic work
4. Willing and able to work additional hours when needed.
5. Bend, lift, open and move product and related office items varying in weight from 1 to 25lbs, depending on need.",Product Management,not sure,
Product Operations Manager I,2025-07-10,https://jobright.ai/jobs/info/68703182a5ae807a59cf6895?utm_source=1047&utm_campaign=full_time_airtable,On Site,"Bethpage, NY",Optimum Financial Group,501-1000,"Asset Management,Financial Services",$64K-$106K /yr,"1. Bachelor’s degree in computer science, engineering, information technology or related fields.
2. Minimum 1-3 years of experience in the Product Management, Product Development or Engineering.
3. Background in quality assurance or testing and validation processes.
4. Experience conducting user testing and gathering feedback to improve the user experience. Techniques for usability testing, A/B testing and analyzing user behavior.
5. Understanding of data modeling and interpreting large data sets to generate actionable insights.
...",Product Management,not sure,
"Product Manager, Lash Category",2025-07-09,https://jobright.ai/jobs/info/687b8712764c3d7411c335b8?utm_source=1047&utm_campaign=full_time_airtable,On Site,"HQ_Port Washington, NY","Kiss Products, Inc.",501-1000,"Consumer Goods,Cosmetics","$69,000-$137,000 /yr","1. Associates of Arts (A.A)
2. 0 - 2 years of relevant experience or industry exposure in a related field
3. Communication
4. Korean",Product Management,yes,yes
"Sr. Associate, Product Manager - Card Partnerships, Partner Portal",2025-07-09,https://jobright.ai/jobs/info/6852302b9de66204819cccfc?utm_source=1047&utm_campaign=full_time_airtable,On Site,"McLean, VA",Capital One,10000+,"Banking,Credit Cards",$99100-$113100 /yr,"1. Bachelor’s degree or military experience
2. At least 1 year of product management experience or at least 1 year of experience in product design, agile delivery, business analysis, data science, or software engineering",Product Management,no,
Technical Account Manager - Product Team,2025-07-08,https://jobright.ai/jobs/info/686e2da52a385a9f5448b41a?utm_source=1047&utm_campaign=full_time_airtable,Hybrid,United States,Adelaide,51-100,"Advertising,Digital Marketing",$80K-$100K /yr,"1. 1–3 years of experience in Ad Operations, Media Analytics, or a related field
2. Proficiency in Excel, including working with formulas, pivot tables, and large datasets
3. Familiarity with troubleshooting JavaScript, particularly in the context of ad tags or tracking pixels
4. A positive, collaborative attitude with a willingness to learn and adapt in a fast-paced environment
5. Strong communication skills and attention to detail",Product Management,not sure,
"Associate Product Manager, Omnipod 5 (Hybrid - San Diego, CA or Acton, MA)",2025-07-08,https://jobright.ai/jobs/info/6850d84a2a14ba8ace494182?utm_source=1047&utm_campaign=full_time_airtable,Hybrid,"Multi Location
Massachusetts, United States
California, United States",Insulet Corporation,1001-5000,"Health Care,Medical",$103K-$154K /yr,"1. Bachelor’s Degree in Engineering, Life Sciences, Design, Marketing, or Business.
2. Experience with software as medical device product management, with deep knowledge of regulatory, data privacy, security, & quality requirements globally
3. Experience developing and commercializing connected products/line extensions
4. Experience leading end-to-end product management
5. Customer-obsessed mindset with ability to translate customer insight into product vision and lead execution to achieve franchise goals
...",Product Management,not sure,
Associate Product Manager,2025-07-08,https://jobright.ai/jobs/info/686df0110d3f4c14b0e5a98a?utm_source=1047&utm_campaign=full_time_airtable,On Site,NYC Metro Area,ScribeUp,11-50,"Retail,Shopping",$80K-$110K /yr,"1. 1–4 years of experience in product or in a product-adjacent role (consulting, ops, bizops, engineering, or strategy).
2. Excellent written and verbal communication skills — clear thinker, clear writer.
3. Strong analytical skills; comfortable with SQL, spreadsheets, and interpreting data.
4. Experience with product prototyping or basic design (wireframes, mockups, user flows). Figma experience is a plus!
5. Detail-oriented and organized, but able to move quickly and make tradeoffs.
...",Product Management,not sure,
Product Specialist Analyst,2025-07-08,https://jobright.ai/jobs/info/686d5b86c3a5faf5ef389d6b?utm_source=1047&utm_campaign=full_time_airtable,Hybrid,"New York, United States",HSBC,10000+,,$85K-$128K /yr,"1. Demonstrated experience in sales or marketing business.
2. Series 7, Series 63 & 65 or Series 66
3. High Proficiency in MS Office applications (PowerPoint, Excel, Word etc.)
4. Basic understanding of modern portfolio theory, and main asset classes (bonds, equities, alternative investments)
5. Developed verbal, presentation, written and interpersonal communications skills
...",Product Management,no,
Web Content Associate,2025-07-08,https://jobright.ai/jobs/info/686d56bcf647ce171897fd33?utm_source=1047&utm_campaign=full_time_airtable,Hybrid,"Galesburg, IL",Blick Art Materials,1001-5000,Retail,$18.25-$18.25 /hr,"1. Bachelor’s degree required
2. Excellent organizational and time management skills with keen attention to detail
3. Strong written and verbal communication
4. Strong sense of importance for and ability to follow procedures
5. Proven capacity to follow established workflows and processes
...",Product Management,not sure,
Associate Livestream Gaming Product Operations - TikTok LIVE,2025-07-08,https://jobright.ai/jobs/info/686d454c4e90e0ba534f6842?utm_source=1047&utm_campaign=full_time_airtable,Hybrid,"Los Angeles, CA",TikTok,10000+,"Content Creators,Content Discovery",$84K-$144K /yr,"1. 0-3 years experience in product ops, live streaming, or creator ecosystem roles (ideally at a video platform or tech company)
2. Strong project management skills with ability to work cross-functionally
3. Familiarity with livestream metrics and feature performance tracking
4. Data-literate: able to partner with analytics teams and interpret cohort trends
5. Clear communicator who can simplify complex issues for different audiences",Product Management,not sure,yes
"Product Management Assistant, Home Textiles",2025-07-08,https://jobright.ai/jobs/info/685088e907b5879386962a61?utm_source=1047&utm_campaign=full_time_airtable,On Site,"New York, NY",Ralph Lauren,10000+,,$24-$31 /hr,"1. 1-2 years of experience in product development, preferably in home textiles or soft goods
2. Strong attention to detail and organizational skills
3. Ability to manage multiple priorities and meet deadlines
4. Strong analytical skills with ability to maintain tracking systems
5. Excellent communication skills and team-oriented mindset
...",Product Management,not sure,
"Starlink Localization Associate, Product Growth",2025-07-08,https://jobright.ai/jobs/info/68510dff3fa9df254f03778c?utm_source=1047&utm_campaign=full_time_airtable,On Site,"Redmond, WA",SpaceX,10000+,"Advanced Materials,Aerospace",$32-$38 /hr,"1. Bachelor’s degree
2. 1+ years of experience working in web/software localization (internship experience qualifies)",Product Management,no,
"Sr. Associate, Product Management - US Card",2025-07-08,https://jobright.ai/jobs/info/6850d0b6bc088e52610b835a?utm_source=1047&utm_campaign=full_time_airtable,On Site,"Multi Location
McLean, VA
Chicago, IL",Capital One,10000+,"Banking,Credit Cards",$99100-$113100 /yr,"1. Bachelor’s degree or military experience
2. At least 1 year of product management experience or at least 1 year of experience in product design, agile delivery, business analysis, data science, or software engineering",Product Management,no,
Product Owner,2025-07-07,https://jobright.ai/jobs/info/687f139b764c3d7411c48c4e?utm_source=1047&utm_campaign=full_time_airtable,Remote,United States,Coursedog,101-250,"Business Information Systems,EdTech",$90K-$120K /yr,"1. Minimum of 1-3 years of experience as a Product Owner in an Agile development environment
2. Proven track record of managing product backlogs and delivering software
3. Deep understanding of agile methodologies and best practices, including backlog refinement, user story writing, acceptance criteria definition, and sprint execution
4. Exceptional verbal and written communication skills
5. Ability to clearly articulate requirements and foster strong working relationships with engineering teams and internal stakeholders
...",Product Management,not sure,
846 - Product Demonstrator ($18/hr + Commission),2025-07-06,https://jobright.ai/jobs/info/687dd42f2097a271a8990f67?utm_source=1047&utm_campaign=full_time_airtable,On Site,"Plymouth, IN",Leaf Home,1001-5000,Consumer Goods,$18-$18 /hr,"1. Excellent verbal communication skills
2. Self-motivated
3. Dependable
4. Reliable transportation
5. Weekend availability
...",Product Management,not sure,
899 - Product Demonstrator ($18/hr + Commission),2025-07-06,https://jobright.ai/jobs/info/687db2452097a271a898f9b7?utm_source=1047&utm_campaign=full_time_airtable,On Site,"Williamsburg, VA",Leaf Home,1001-5000,Consumer Goods,$18-$18 /hr,"1. Excellent verbal communication skills
2. Self-motivated
3. Dependable
4. Reliable transportation
5. Weekend availability
...",Product Management,not sure,
"Product Associate, Lash Category",2025-07-05,https://jobright.ai/jobs/info/687c7ad62097a271a8989e13?utm_source=1047&utm_campaign=full_time_airtable,On Site,"Port Washington, NY","Kiss Products, Inc.",501-1000,"Consumer Goods,Cosmetics",$19.25-$36.55 /hr,"1. Bachelor of Arts (B.A)
2. 0 - 2 years of relevant experience or industry exposure in a related field
3. Communication
4. Korean",Product Management,yes,yes
"Sr. Associate, Product Manager - Partnerships Trade Credit",2025-07-02,https://jobright.ai/jobs/info/6865c9b6caf5fdf6e88a7ace?utm_source=1047&utm_campaign=full_time_airtable,On Site,"Chicago, IL",Capital One,10000+,"Banking,Credit Cards",$99100-$113100 /yr,"1. Bachelor’s degree or military experience
2. At least 1 year of product management experience or at least 1 year of experience in product design, agile delivery, business analysis, data science, or software engineering",Product Management,no,
Product Manager,2025-07-02,https://jobright.ai/jobs/info/687e8edf764c3d7411c4442a?utm_source=1047&utm_campaign=full_time_airtable,Remote,"Remote, United States",Make-A-Wish America,1001-5000,"Charity,Children",$74800-$88000 /yr,"1. Bachelor’s degree in a related field or equivalent work experience.
2. 1+ year of experience in product management, project management, or related roles.
3. Strong comfort with technology and familiarity with CRMs or similar platforms.",Product Management,not sure,
"Senior Associate, Product Management (Small Business Card) - Business Cards & Payments",2025-07-02,https://jobright.ai/jobs/info/6848d6ac73fdad2d01fee0f1?utm_source=1047&utm_campaign=full_time_airtable,On Site,"New York, NY",Capital One,10000+,"Banking,Credit Cards",$109000-$124400 /yr,"1. Bachelor’s degree or military experience
2. At least 1 year of product management experience or at least 1 year of experience in product design, agile delivery, business analysis, data science, or software engineering",Product Management,no,
Product Operations Coordinator - Emerging Brands,2025-07-01,https://jobright.ai/jobs/info/68478aa15ea3c85dd1485eba?utm_source=1047&utm_campaign=full_time_airtable,Hybrid,"Santa Barbara, CA",Deckers Brands,1001-5000,"Apparel,Fashion",$28-$30 /hr,"1. Great communicator and collaborator who enjoys working across functions
2. Very organized with great attention to detail
3. Enjoys problem solving and supporting multiple teams
4. Ability to hit deadlines with 100% accuracy in PLM systems in tandem with product line management and development teams
5. Oversee sample distribution and retention protocol, archive management and key-gate sample needs in tandem with cross-functional team
...",Product Management,not sure,
FACTS SIS K-12 Product Owner,2025-06-30,https://jobright.ai/jobs/info/685deefb2fb4aba079998b8e?utm_source=1047&utm_campaign=full_time_airtable,Remote,United States,Nelnet,5001-10000,"Financial Services,Information Technology",$65K-$75K /yr,"1. Bachelor’s degree or equivalent experience.
2. 1+ years related experience or existing product knowledge.
3. Ability to prioritize and manage multiple concurrent projects.
4. Flexibility to adapt quickly to new requirements, situations, programs, and services.
5. Strong customer focus.
...",Product Management,not sure,
Chassis Product Manager,2025-06-29,https://jobright.ai/jobs/info/6848fa6cd025b78e83f30c21?utm_source=1047&utm_campaign=full_time_airtable,On Site,"San Jose, CA",Supermicro,1001-5000,"Artificial Intelligence (AI),Cloud Computing",$89K-$150K /yr,"1. BS/MS degree in engineering discipline is strongly desirable
2. Product development and management experience in server chassis mechanical, thermal, and system design
3. Strong knowledge of server system architecture, chassis, hardware and applications
4. Demonstrated ability to manage from technical details to big picture
5. Strong communication skills in speaking, writing, and presenting
...",Product Management,not sure,yes
Product Planner - (Eastern Standard Time),2025-06-26,https://jobright.ai/jobs/info/685db2c8d80213b958f7fc3e?utm_source=1047&utm_campaign=full_time_airtable,Remote,United States,Keywords Studios,10000+,"Audio,Content",$27-$31 /hr,"1. Excellent communication skills both written and oral
2. Strong Organization and Time Management Skills
3. Ability to translate technical documents into documentation for non-technical users
4. Experience allocating and tracking resources to projects
5. Experience in assisting in system troubleshooting & finding resolutions
...",Product Management,not sure,
"Sr. Associate, Product Management - Auto Finance",2025-06-25,https://jobright.ai/jobs/info/67e4f8dc77ee758e6ce940e5?utm_source=1047&utm_campaign=full_time_airtable,On Site,"Plano, TX",Capital One,10000+,"Banking,Credit Cards",$99100-$113100 /yr,"1. Bachelor’s degree or military experience
2. At least 1 year experience in product management, product design, agile delivery, business analysis, data science, or software engineering",Product Management,no,
Associate Product Manager,2025-06-24,https://jobright.ai/jobs/info/685b5a9c5c940c71bad1e122?utm_source=1047&utm_campaign=full_time_airtable,Hybrid,"Denver, CO",Xe.com,251-500,Financial Services,$75K-$97K /yr,"1. You are fluent in English and have good communication skills.
2. You have deep understanding on one of these three areas: Data, User Experience Design or Web Development.
3. You are resourceful and not afraid to roll up your sleeves and get your hands dirty.
4. You are curious, especially about what drives people to behave in a certain way and what goes into their decision-making process.
5. You have the ability to articulate the 'why' behind your product decisions clearly and leverage data to get buy in from other stakeholders.
...",Product Management,not sure,