Position Title,Date,Apply,Work Model,Location,Company,Company Size,Job Function,Company Industry,Salary,Qualifications,H1b Sponsored,Is New Grad
Early Intervention Services Coordinator (Case Management) for Early Start Riverside East,2025-07-26,https://jobright.ai/jobs/info/6884be05b651c92cb78aa39f?utm_source=1100&utm_campaign=Public Sector and Government,On Site,"San Bernardino, CA",Inland Regional Center,501-1000,Public Administration,"Non Profit,Public Relations",$25.6712-$39.8245 /hr,"1. Master’s Degree in social work, psychology, public health nursing, teaching, special education, early childhood development, or a related field from an accredited college or university.
2. BA or BS degree from an accredited college or university and one year of experience, including case management, in intellectual/developmental disabilities, social work, special education, early childhood development, or a related field.
3. Computer skills in Microsoft Office.
4. Ability to handle change well and be flexible and adaptable in dealing with interruptions, new priorities, and new assignments.
5. Ability to maintain a high level of confidentiality.
...",not sure,
Housing First Cambridge Residential (BA) - Homeless Services,2025-07-25,https://jobright.ai/jobs/info/688465c24174df41e0f92c91?utm_source=1100&utm_campaign=Public Sector and Government,On Site,"Cambridge, MA",Eliot Community Human Services,501-1000,Public Administration,"Communities,Facilities Support Services",$48K-$50K /yr,"1. For candidates with lived experience with substance use disorder who have 2 years sustained sobriety: High school diploma/GED and at least one year of paid or volunteer experience working with adults with mental illness and/or substance abuse.
2. Must have a valid driver’s license and reliable transportation.",not sure,
Community Resource Assistant,2025-07-25,https://jobright.ai/jobs/info/688405056fcd973d15ae5254?utm_source=1100&utm_campaign=Public Sector and Government,On Site,"Hamilton, OH",Community First Solutions,501-1000,Public Administration,"Health Care,Medical",$16-$19 /hr,"1. High School diploma or equivalent
2. Current and valid driver’s license
3. Reliable transportation
4. Proof of personal auto insurance
5. Ability to maintain active auto insurance
...",not sure,
Youth Advocate I - Juvenile Justice,2025-07-25,https://jobright.ai/jobs/info/6883e78e835a903aa07f8acd?utm_source=1100&utm_campaign=Public Sector and Government,On Site,"Multi Location
Brockton
Framingham
Worcester
New Bedford",Eliot Community Human Services,501-1000,Public Administration,"Communities,Facilities Support Services",$20.65-$20.65 /hr,"1. High school diploma or related experience
2. Experience working with youth
3. Valid Massachusetts drivers license",not sure,
SUBSTANCE ABUSE SPEC-WAKEFIELD,2025-07-24,https://jobright.ai/jobs/info/6882b6ab6fcd973d15adbe0a?utm_source=1100&utm_campaign=Public Sector and Government,On Site,600 East 233rd Street,Montefiore Einstein Technology,501-1000,Public Administration,,$32.81-$32.81 /hr,"1. Bachelor's degree required
2. CASAC or license in social work, mental health counseling or a related field is also required
3. Minimum 1 year work experience as an addictions counselor (preferably with methadone clients) required
4. Knowledge and ability to integrate historical and current patient issues
5. Knowledge of substance abuse counseling and treatment
...",not sure,
Database Specialist Bronx Child Advocacy Center,2025-07-24,https://jobright.ai/jobs/info/6882abc86fcd973d15adb70e?utm_source=1100&utm_campaign=Public Sector and Government,On Site,"Bronx, NY",Safe Horizon,501-1000,Public Administration,"Communities,Homeless Shelter",$23-$26 /hr,"1. Experience and knowledge of data entry and database systems
2. Experience working in non-profit or comparable organizations
3. Experience with relevant data collection systems and reporting requirements, including city, state and federal funding
4. High school diploma or GED
5. Excellent time management and organizational skills, including detail-oriented
...",not sure,
"Sheriff, Deputy (Internal Hennepin County Sheriff's Office employees only)",2025-07-24,https://jobright.ai/jobs/info/68829132b54cac0f1e730f3a?utm_source=1100&utm_campaign=Public Sector and Government,On Site,"Minneapolis, MN",Hennepin County Sheriff,501-1000,Public Administration,Law Enforcement,$70K-$104K /yr,"1. Licensure or eligible to be licensed as a Peace Officer by hire date in the State of Minnesota by the Minnesota Board of Peace Officer Standards and Training (POST).
2. A valid driver's license and the ability to obtain a Hennepin County driver's permit.
3. The ability to work a flexible schedule including day, evening, overnight, on-call, holiday, and weekend hours.
4. The ability and willingness to work in a position that may involve the possibility of physical confrontation.
5. Possess no convictions of a felony or other criminal conviction as outlined in the MN POST Board rules.
...",no,
Research Program Coordinator,2025-07-24,https://jobright.ai/jobs/info/686f26d790d7b66951c275e8?utm_source=1100&utm_campaign=Public Sector and Government,On Site,"Multi Location
Austin, TX
UT MAIN CAMPUS",The University of Texas at Austin,501-1000,Public Administration,"Corporate Training,Education",$60000-$60000 /yr,"1. Bachelor’s Degree in related field
2. Strong understanding of architectural history
3. Excellent research and analysis skills
4. Interest in community-led, culturally responsive, applied research (or other similar methodologies)
5. 1-3 years administration experience (at any level) in a non-profit or university
...",no,
Program Coordinator I-MSH-Adolescent Health Center-FT-Days,2025-07-23,https://jobright.ai/jobs/info/6881994616ea5743a373a374?utm_source=1100&utm_campaign=Public Sector and Government,On Site,"New York, NY",Mount Sinai Morningside,501-1000,Public Administration,,$65K-$74K /yr,1. Bachelors Degree or an equivalent combination of education and/or experience may substitute for the degree when the experiences are closely related to the duties of the job.,not sure,
Community Life Assistant/Activities Assistant - Memory Care - Cardinal View,2025-07-23,https://jobright.ai/jobs/info/688291a7835a903aa07eef57?utm_source=1100&utm_campaign=Public Sector and Government,On Site,"Middleton, WI",Lifespark,501-1000,Public Administration,"Elder Care,Health Care",$15-$18 /hr,,not sure,
Temporary Research Assistant,2025-07-23,https://jobright.ai/jobs/info/6882a4fcb54cac0f1e731971?utm_source=1100&utm_campaign=Public Sector and Government,On Site,"North Carolina, United States",University of North Carolina at Chapel Hill,501-1000,Policy and Planning,"Education,Higher Education",$17.46-$17.46 /hr,"1. Bachelor’s degree; or equivalent combination of training and experience.
2. Research experience.",not sure,
Family Partner - CBHC Urgent Care,2025-07-22,https://jobright.ai/jobs/info/6880eacdf4f06100f3a22015?utm_source=1100&utm_campaign=Public Sector and Government,On Site,Lynn,Eliot Community Human Services,501-1000,Public Administration,"Communities,Facilities Support Services",$25.48-$25.48 /hr,"1. Associates degree in a human services field
2. At least one(1) year experience working with children, adolescents or transition age youth.
3. Must be a parent, guardian or caregiver of a youth with behavioral health needs.
4. Experience working collaboratively with state agencies, consumer advocacy groups and behavioral health facilities.
5. Drivers license and reliable transportation required to visit families in the program",not sure,
RESA II - Energy Policy Analyst,2025-07-21,https://jobright.ai/jobs/info/687eef87db19f31cf0d6e412?utm_source=1100&utm_campaign=Public Sector and Government,On Site,"Austin, TX",The University of Texas at Austin,501-1000,Policy and Planning,"Corporate Training,Education",$65K-$68K /yr,"1. Master’s degree or higher in Public Administration, Energy Policy, Environmental Policy, Economics, Law, or related field.
2. At least 1 year of experience in energy, environmental, or resource policy analysis or planning.
3. Strong written and verbal communication skills, with the ability to tailor messaging to academic, policy, and stakeholder audiences.
4. Familiarity with Texas legislative processes, key energy sectors, and regulatory structures (e.g., ERCOT, Texas Railroad Commission, TCEQ, etc.)
5. Demonstrated ability to conduct independent research and translate findings into clear, actionable insights.",no,
RESA II - Energy Policy Analyst,2025-07-21,https://jobright.ai/jobs/info/687ec648db19f31cf0d6d017?utm_source=1100&utm_campaign=Public Sector and Government,On Site,PICKLE RESEARCH CAMPUS,The University of Texas at Austin,501-1000,Policy and Planning,"Corporate Training,Education",$65000-$68000 /yr,"1. Master’s degree or higher in Public Administration, Energy Policy, Environmental Policy, Economics, Law, or related field.
2. At least 1 year of experience in energy, environmental, or resource policy analysis or planning.
3. Strong written and verbal communication skills, with the ability to tailor messaging to academic, policy, and stakeholder audiences.
4. Familiarity with Texas legislative processes, key energy sectors, and regulatory structures (e.g., ERCOT, Texas Railroad Commission, TCEQ, etc.)
5. Demonstrated ability to conduct independent research and translate findings into clear, actionable insights.",no,
Crisis Navigator,2025-07-21,https://jobright.ai/jobs/info/686c18a835584b654296101e?utm_source=1100&utm_campaign=Public Sector and Government,On Site,"Thornton, CO",Community Reach Center,501-1000,Public Administration,"Consulting,Health Care",$24.50-$28.50 /hr,"1. Requires bachelor’s degree in psychology, Social Work, or directly related field
2. Communication, organization, time management and clinical skills.
3. Ability to work independently in a community-based setting.
4. Valid Colorado Driver’s license with a clean driving record.",not sure,yes
OPS Research specialist,2025-07-21,https://jobright.ai/jobs/info/6880c3cef4f06100f3a20ae0?utm_source=1100&utm_campaign=Public Sector and Government,On Site,Metro Jacksonville,University of Florida College of Medicine - Jacksonville,501-1000,Policy and Planning,,$21-$21 /hr,1. Associate’s degree or an allied health professional degree in an appropriate area and one year of relevant experience; or an equivalent combination of education and experience.,not sure,
Engagement Counselor - Homeless Services,2025-07-19,https://jobright.ai/jobs/info/6856a46dae0608f715a8a12c?utm_source=1100&utm_campaign=Public Sector and Government,On Site,Quincy,Eliot Community Human Services,501-1000,Public Administration,"Communities,Facilities Support Services",$48000-$55000 /yr,"1. Bachelor's or Master’s degree in the Healing Arts or Education
2. 1 years experience working with adults with mental illness and knowledge of homelessness
3. Valid Massachusetts drivers license",not sure,
Residential Program Worker- Mental Health,2025-07-18,https://jobright.ai/jobs/info/687b7bc42097a271a898468c?utm_source=1100&utm_campaign=Public Sector and Government,On Site,"Butler, PA","ARC HUMAN SERVICES, INC.",501-1000,Public Administration,"Non Profit,Social",$17-$17 /hr,"1. 18 years of age or older
2. Valid PA Driver’s License
3. Candidate will need to have the ability to pass background checks, physical, TB (ALL company paid!)
4. must regularly lift and / or move up to twenty-five (25) pounds
5. occasionally lift and/or move up to fifty (50) pounds",no,
Temporary Assessor Reviewer (virtual),2025-07-18,https://jobright.ai/jobs/info/687a9c8c764c3d7411c2e776?utm_source=1100&utm_campaign=Public Sector and Government,Hybrid,"Iowa, United States",Telligen,501-1000,Public Administration,Health Care,$20-$23 /hr,"1. Two or four-year degree in the social services field (Social Work, Psychology), or related field with 0-1 year experience.
2. In lieu of degree, four years of experience in working with persons with intellectual, developmental, and/or physical disabilities.
3. Must be able to work from home.",no,yes
Consumer Services Coordinator (Case Management) for Riverside School Age East,2025-07-18,https://jobright.ai/jobs/info/687a4fea2097a271a897e39f?utm_source=1100&utm_campaign=Public Sector and Government,Hybrid,"San Bernardino, CA",Inland Regional Center,501-1000,Public Administration,"Non Profit,Public Relations",$25.6712-$39.8245 /hr,"1. Bachelor’s degree from an accredited college or university and one year of experience, including case management, in intellectual/developmental disabilities, social work, special education, early childhood development, or a related field.
2. OR Master’s degree in social work, psychology, public health nursing, teaching, special education, early childhood development, or a related field from an accredited college or university.
3. Ability to establish and maintain effective working relationships with others.
4. Ability to work cooperatively and effectively with others.
5. Maintain good attendance and punctuality.
...",not sure,
Consumer Services Coordinator (Case Management) for San Bernardino Upper Desert Adult,2025-07-18,https://jobright.ai/jobs/info/687a50b1764c3d7411c2c75a?utm_source=1100&utm_campaign=Public Sector and Government,Hybrid,"San Bernardino, CA",Inland Regional Center,501-1000,Public Administration,"Non Profit,Public Relations",$25.6712-$39.8245 /hr,"1. Bachelor’s degree from an accredited college or university and one year of experience, including case management, in intellectual/developmental disabilities, social work, special education, early childhood development, or a related field.
2. OR Master’s degree in social work, psychology, public health nursing, teaching, special education, early childhood development, or a related field from an accredited college or university.
3. Ability to establish and maintain effective working relationships with others.
4. Ability to work cooperatively and effectively with others.
5. Maintain good attendance and punctuality.
...",not sure,
Early Intervention Services Coordinator (Case Management) for the Early Start San Bernardino Desert & Mountains,2025-07-18,https://jobright.ai/jobs/info/687a2a832097a271a897d850?utm_source=1100&utm_campaign=Public Sector and Government,On Site,"San Bernardino, CA",Inland Regional Center,501-1000,Public Administration,"Non Profit,Public Relations",$25.6712-$39.8245 /hr,"1. Master’s Degree in social work, psychology, public health nursing, teaching, special education, early childhood development, or a related field from an accredited college or university.
2. BA or BS degree from an accredited college or university and one year of experience, including case management, in intellectual/developmental disabilities, social work, special education, early childhood development, or a related field.
3. Computer skills in Microsoft Office.
4. Ability to handle change well and be flexible and adaptable in dealing with interruptions, new priorities, and new assignments.
5. Ability to maintain a high level of confidentiality.
...",not sure,
LPN- 6:30AM to 7:00 PM,2025-07-17,https://jobright.ai/jobs/info/687999b12097a271a8978b82?utm_source=1100&utm_campaign=Public Sector and Government,On Site,"Novi, MI, United States",LCS,501-1000,Public Administration,"Health Care,Hospitality",$28-$30 /hr,"1. Current nursing license valid in the state worked
2. Willingness to be available for any/all emergencies regarding the community",not sure,
Consumer Services Coordinator (Case Management) for Riverside School Age Central,2025-07-17,https://jobright.ai/jobs/info/68799764ed63844c9449caff?utm_source=1100&utm_campaign=Public Sector and Government,Hybrid,"Riverside, CA",Inland Regional Center,501-1000,Public Administration,"Non Profit,Public Relations",$25.6712-$39.8245 /hr,"1. Bachelor’s degree from an accredited college or university and one year of experience, including case management, in intellectual/developmental disabilities, social work, special education, early childhood development, or a related field.
2. OR Master’s degree in social work, psychology, public health nursing, teaching, special education, early childhood development, or a related field from an accredited college or university.
3. Ability to establish and maintain effective working relationships with others.
4. Ability to work cooperatively and effectively with others.
5. Maintain good attendance and punctuality.
...",not sure,
"Behavioral Health Specialist - Harrisburg, PA (FT)",2025-07-17,https://jobright.ai/jobs/info/6879bbf7ed63844c9449da56?utm_source=1100&utm_campaign=Public Sector and Government,On Site,"Harrisburg, PA",Connections Health Solutions,501-1000,Public Administration,"Consulting,Health Care",$20-$22 /hr,"1. High school diploma or equivalent
2. 1 year of behavioral health experience
3. Must be able to perform Safe Clinch patient restraint techniques
4. National Provider Identifier (NPI) or ability to obtain an NPI prior to the start date
5. Must pass the following background checks: Child Abuse Clearance, FBI Criminal Background Check, Pennsylvania State Police Criminal Record Check, Level 1 Fingerprint clearance card
...",not sure,
Consumer Services Coordinator (Case Management) for San Bernardino School Age Upper Desert,2025-07-17,https://jobright.ai/jobs/info/687994b2a7fc8904e3963bd5?utm_source=1100&utm_campaign=Public Sector and Government,Hybrid,"San Bernardino, CA",Inland Regional Center,501-1000,Public Administration,"Non Profit,Public Relations",$25.6712-$39.8245 /hr,"1. Bachelor’s degree from an accredited college or university and one year of experience, including case management, in intellectual/developmental disabilities, social work, special education, early childhood development, or a related field.
2. OR Master’s degree in social work, psychology, public health nursing, teaching, special education, early childhood development, or a related field from an accredited college or university.
3. Ability to establish and maintain effective working relationships with others.
4. Ability to work cooperatively and effectively with others.
5. Maintain good attendance and punctuality.
...",not sure,
Vision Outreach Program Coordinator,2025-07-17,https://jobright.ai/jobs/info/68796af4ed63844c9449b891?utm_source=1100&utm_campaign=Public Sector and Government,On Site,"Albuquerque, NM",Hero Practice Services,501-1000,Public Administration,"Child Care,Health Care",$42K-$57K /yr,"1. Must have ability to travel within our surrounding communities and regional practices on a regular basis, approximately 60% travel which includes overnight stays for 2-3 days/ week
2. Ability to work weekends and 10+ hour days
3. 1-2 years' experience in managing a team of 2 or more
4. Demonstrate exceptional interpersonal skills including excellent written communication and speaking ability
5. Proficient at using Microsoft Office Suite and Office 365",not sure,
Social Worker - MSW,2025-07-16,https://jobright.ai/jobs/info/687812ea5cebcd1dd51d7857?utm_source=1100&utm_campaign=Public Sector and Government,On Site,"North Hollywood, CA, USA",WelbeHealth,501-1000,Public Administration,"Health Care,Health Diagnostics","$74,612-$98,488 /yr","1. Master’s Degree in Social Work (MSW) required
2. Minimum of one (1) year of experience with a frail or elderly population
3. Previous experience coordinating and facilitating care conference meetings",not sure,
Housing Services Programs Associate,2025-07-16,https://jobright.ai/jobs/info/685b43debc23eac2e2129ce8?utm_source=1100&utm_campaign=Public Sector and Government,On Site,"New York, NY",Habitat for Humanity International,501-1000,Public Administration,"Construction,Homeless Shelter",$50000-$50000 /yr,"1. Bachelor’s degree or equivalent work experience.
2. Demonstrated interest in affordable housing including but not limited to community/tenant organizing, asset management, post purchase, technical assistance, foreclosure prevention, and/or community land trusts;
3. Demonstrated interest working in diverse, immigrant communities including multi-ethnic and multi-generational communities
4. Demonstrate excellent written and verbal communication skills.
5. Demonstrate the ability to prioritize and manage multiple tasks; ability to work independently, and as part of a team;
...",not sure,
Groundskeeper #120,2025-07-15,https://jobright.ai/jobs/info/6876f6ad299cbc74b8762256?utm_source=1100&utm_campaign=Public Sector and Government,On Site,"Mesa, AZ","Cal-Am Properties, Inc.",501-1000,Public Administration,Real Estate,$17-$17.50 /hr,"1. Must be able to lift heavy equipment.
2. Must be familiar with the use of maintenance equipment, such as lawnmowers and hedge trimmers.
3. Problem identification and resolution.
4. Work independently and pay close attention to detail.",not sure,
"Program Research Specialist 1, SG-18",2025-07-15,https://jobright.ai/jobs/info/6876c2a15cebcd1dd51cc208?utm_source=1100&utm_campaign=Public Sector and Government,Hybrid,"New York, NY",New York State Department of Financial Services,501-1000,Public Administration,"Financial Services,Government",$54K-$85K /yr,"1. A bachelor's degree or higher including or supplemented by nine semester credit hours in biostatistics, data analysis, or data modeling, economics, econometrics, mathematics, research methods, or statistics.
2. One year of professional research experience performing the collection, manipulation (e.g., data construction, merging data files, data cleaning, working with data files containing different levels of data) and evaluation of quantitative data.
3. Two years of experience as described above for Journey Level.
4. A master's degree or higher including or supplemented by nine semester credit hours in biostatistics, data analysis, data modeling, economics, econometrics, mathematics, research methods, or statistics may substitute for one year of experience.
5. Candidates must be reachable on the Civil Service eligible list for 00-338010, 26-092010, 26-872010.
...",not sure,
Social Work Manager - MSW,2025-07-15,https://jobright.ai/jobs/info/6876ac78299cbc74b875f6a0?utm_source=1100&utm_campaign=Public Sector and Government,Hybrid,"San Jose, CA, USA",WelbeHealth,501-1000,Public Administration,"Health Care,Health Diagnostics",$107412-$141565 /yr,"1. Master’s degree in social work (MSW) required
2. Minimum of one (1) year of experience with a frail or elderly population
3. Excellent clinical, organizational, and communication skills in settings with frail and elderly participants, their families, and interdisciplinary team members
4. Valid state driver’s license with a clean DMV record
5. Copy of recent vehicle insurance required",not sure,
Associate Governmental Program Analyst,2025-07-15,https://jobright.ai/jobs/info/6876b896ae2f413e4a5b2d58?utm_source=1100&utm_campaign=Public Sector and Government,On Site,"Sacramento, CA",California Department of Financial Protection and Innovation,501-1000,Public Administration,"Association,Financial Services",$5855-$7327 /mon,"1. Possession of Minimum Qualifications (MQ) will be verified prior to interview and/or appointment.
2. If you are meeting MQ’s with education, you must include your unofficial transcripts/diploma for verification.
3. Official transcripts may be required upon appointment.
4. Candidates who have been withheld may file an appeal with the State Personnel Board.
5. Applicants for this position will be required to submit fingerprints to the Department of Justice and be cleared before hiring.
...",not sure,
Licensed Clinical Social Worker - Clinical (LCSW-C) - Remote,2025-07-14,https://jobright.ai/jobs/info/687771b4ae2f413e4a5bb180?utm_source=1100&utm_campaign=Public Sector and Government,Remote,Maryland,Brave Health,501-1000,Public Administration,"Communities,Health Care",$72000-$100000 /yr,"1. Master's level degree
2. Maryland independent licensure - (LCSW-C)
3. Eligibility to work in the United States
4. Work from home space must have privacy for patient safety and HIPAA purposes
5. Meets background/regulatory requirements
...",no,
"Analyst, Tech. Operations Government Programs",2025-07-14,https://jobright.ai/jobs/info/685e46a9287a20ce10074a1b?utm_source=1100&utm_campaign=Public Sector and Government,Remote,United States,Navitus Health Solutions,501-1000,Public Administration,"Health Care,Information Technology",$43K-$51K /yr,"1. Bachelor/Associate Degree in business related field; or equivalent of an associate degree and 2 years of work experience, or 4 years of work experience and a high school diploma or equivalent
2. 1+ years’ work experience
3. Participate in, adhere to, and support compliance program objectives
4. The ability to consistently interact cooperatively and respectfully with other employees",not sure,
Community Health Worker - Cantonese or Mandarin Fluency Required,2025-07-11,https://jobright.ai/jobs/info/685f1d213f94751acf084423?utm_source=1100&utm_campaign=Public Sector and Government,Hybrid,"Los Angeles, California",CORE (Community Organized Relief Effort),501-1000,Public Administration,"Charity,Non Profit",$27.81-$27.81 /hr,"1. Preference for candidate with bachelor’s degree in public health or health sciences, or at least two year’s equivalent experience in relevant field
2. Must be fluent in Cantonese or Mandarin
3. Minimum 1 year experience in public health, healthcare settings, community outreach or related fields
4. Experience in community outreach, conducting surveys, collecting data, and reporting data
5. Knowledge of community resources in LA County
...",not sure,
Medicaid/Medicare Program Integrity Analyst II,2025-07-11,https://jobright.ai/jobs/info/68716db3a5ae807a59cff831?utm_source=1100&utm_campaign=Public Sector and Government,Remote,United States,CoventBridge Group,501-1000,Public Administration,"Customer Service,Outsourcing",$55K-$65K /yr,"1. Excellent research and organization, prioritization, and time management skills
2. Excellent verbal and written communication skills
3. Ability to work independently with minimal supervision
4. Ability to multi-task in a fast-paced environment
5. High School Diploma or G.E.D. equivalent
...",not sure,
Regional Development Associate,2025-07-10,https://jobright.ai/jobs/info/6870526006ad7073463bd06d?utm_source=1100&utm_campaign=Public Sector and Government,On Site,"Riverside, CA",Center for Employment Opportunities,501-1000,Public Administration,"Association,Non Profit",$50K-$67K /yr,"1. You have a minimum of 1-3 years of related work experience, including at least one year’s experience in nonprofit grant writing/fund development with a proven track record of success
2. You have fluency in the use of Microsoft Office suite (Word, Excel, PowerPoint) and Google Workspace
3. You have proficient experience using data and/or donor management platforms such as Salesforce
4. You have excellent written and oral communication skills with the ability to engage compellingly with diverse audiences
5. You have ability to work autonomously to produce materials on deadline, while often managing multiple concurrent deadlines
...",not sure,
"Development Coordinator, Institutional Giving",2025-07-10,https://jobright.ai/jobs/info/687061d401cc0956e7e81855?utm_source=1100&utm_campaign=Public Sector and Government,On Site,"Multi Location
Boston, MA
434 Harrison Avenue",Pine Street Inn,501-1000,Public Administration,"Homeless Shelter,Non Profit",$25.12-$25.12 /hr,"1. Bachelor’s Degree or equivalent
2. 1-3 years of previous fundraising, communications, or non-profit experience.
3. Strong verbal and written communication skills.
4. Strong interpersonal and active listening skills.
5. Demonstrated organizational skills and ability to manage multiple priorities.
...",not sure,
Medicaid/Medicare Program Integrity Analyst I,2025-07-09,https://jobright.ai/jobs/info/6870bd49a5ae807a59cfb2b0?utm_source=1100&utm_campaign=Public Sector and Government,Remote,United States,CoventBridge Group,501-1000,Public Administration,"Customer Service,Outsourcing",$50K-$55K /yr,"1. Effective time management and prioritization skills
2. Ability to work independently
3. Ability to plan and manage multiple assignments, projects and adjust to changing priorities
4. Effective communication skills
5. Working knowledge of AdvanceTrack and UCM or an inventory management and reporting system required
...",not sure,
Research Assistant (Tax and Income Supports),2025-07-08,https://jobright.ai/jobs/info/686d533a2e94d29808109f3f?utm_source=1100&utm_campaign=Public Sector and Government,Hybrid,"Washington, DC",Urban Institute,501-1000,Policy and Planning,"Advocacy,Communities",$52K-$65K /yr,"1. Possess a bachelor’s degree in a field related to social science (e.g. public policy, political science, sociology, or economics).
2. Have a strong interest in CCDF, Temporary Assistance for Needy Families (TANF), and other social safety net programs.
3. Be interested in a position that requires highly-detailed work and involves understanding and conveying the detailed policy rules of benefit programs, based on government documents and communication with agency officials.
4. Be detailed-oriented and self-motivated with the ability to work on multiple priorities, work independently and as part of a team, and communicate effectively.
5. Have excellent organization skills.
...",not sure,
Research Assistant  (Tax and Income Supports),2025-07-08,https://jobright.ai/jobs/info/686d4b3498b9c07a051bad9d?utm_source=1100&utm_campaign=Public Sector and Government,Hybrid,The Urban Institute (DC),Urban Institute,501-1000,Policy and Planning,"Advocacy,Communities",$52000-$65000 /yr,"1. Possess a bachelor’s degree in a field related to social science (e.g. public policy, political science, sociology, or economics).
2. Have a strong interest in CCDF, Temporary Assistance for Needy Families (TANF), and other social safety net programs.
3. Be interested in a position that requires highly-detailed work and involves understanding and conveying the detailed policy rules of benefit programs, based on government documents and communication with agency officials.
4. Be detailed-oriented and self-motivated with the ability to work on multiple priorities, work independently and as part of a team, and communicate effectively.
5. Have excellent organization skills.
...",not sure,
Full-Time SSA - PH Signal Hill - (5133),2025-07-07,https://jobright.ai/jobs/info/686c64d835584b65427f0db7?utm_source=1100&utm_campaign=Public Sector and Government,On Site,Los Angeles County,PATH ,501-1000,Public Administration,Management Consulting,$21.71-$26.36 /hr,"1. Analytical Skills and Attention to Detail: Gather and interpret data, identifying trends, patterns, and insights to inform decision-making. Ability to consistently produce high-quality work, ensuring accuracy and precision in all tasks.
2. Collaboration and Teamwork: Work effectively with others, seeking out and building positive working relationships with colleagues, participants, and stakeholders. Work effectively with others, contributing to team goals and recognizing the strengths and contributions of others.
3. Communication: Convey information clearly and effectively (both verbally and in writing) to individuals and groups in a manner that informs, engages and maintains their attention.
4. Creativity and Initiative: Take action and make decisions without being prompted, demonstrating a proactive approach to work and a willingness to take on additional responsibilities. Think outside the box, generating innovative solutions to problems or challenges.
5. Critical Thinking and Problem Solving: Analyze and evaluate information and situations, identify key issues, consider alternatives, and make logical decisions based on sound reasoning that will achieve the desired outcome.
...",no,
Community Building Coordinator,2025-07-05,https://jobright.ai/jobs/info/68492543534d1c023f6ddae7?utm_source=1100&utm_campaign=Public Sector and Government,On Site,"Columbus, OH",National Audubon Society,501-1000,Public Administration,"Education,Non Profit",$19-$20 /hr,"1. Bachelor’s degree in environmental studies, ecology, nature resources, or related field required.
2. 0-2 years of relevant job experience in ecology or habitat restoration. An equivalent combination of education and experience will also be considered.
3. Must be comfortable interacting with the public and external partner organizations.
4. Ability to work on diverse teams with individuals from a variety of backgrounds.
5. Ability to perform tasks requiring physical exertion, outdoors, in all weather conditions and on difficult terrain with or without accommodation, while maintaining a positive attitude and setting an example for volunteers, interns and work crews.
...",not sure,yes
"Stabilization Specialist - CCS, Fee for Service",2025-07-04,https://jobright.ai/jobs/info/6856a46dae0608f715a8a108?utm_source=1100&utm_campaign=Public Sector and Government,On Site,Lynn,Eliot Community Human Services,501-1000,Public Administration,"Communities,Facilities Support Services",$23-$23 /hr,"1. Requires a Bachelor’s degree in Psychology, Human Services or related field
2. Experience working with adults or families with mental illness/substance abuse
3. Valid Massachusetts drivers license",not sure,
Family Team Conference Facilitator,2025-07-03,https://jobright.ai/jobs/info/6866ecf7c999de1366944afb?utm_source=1100&utm_campaign=Public Sector and Government,Hybrid,"Staten Island, NY",Safe Horizon,501-1000,Public Administration,"Communities,Homeless Shelter",$29-$33 /hr,"1. Master’s degree and License in Social Work, (LMSW) or Mental Health Counseling (LMHC) and a minimum of 18 months of experience with children and families preferably in a child welfare setting
2. Master’s degree without a license with 2 years of work experience in a child welfare setting
3. Organizational skills
4. Ability to clearly summarize a variety of solution and to facilitate consensus
5. Ability to accommodate a flexible work schedule, including evenings
...",not sure,
Sustainability Associate (Afternoon Shift),2025-07-03,https://jobright.ai/jobs/info/6866d1e880abf94b253f9587?utm_source=1100&utm_campaign=Public Sector and Government,On Site,"Los Angeles, California, United States",CookUnity,501-1000,Policy and Planning,"Consumer Applications,Food and Beverage",$18-$19 /hr,"1. Ability to work in a fast-paced environment + available to work weekends & the afternoon shift (3pm and/or so forth).
2. Bilingual (English/Spanish) + general computer skills.
3. Strong attention to detail and ability to follow instructions.
4. Ability to stand for long periods, lift up to 50 lbs., and work in a physically demanding environment.",not sure,
Summer Waves Attraction Guard - Seasonal,2025-07-03,https://jobright.ai/jobs/info/68666a57bb4858bb08274837?utm_source=1100&utm_campaign=Public Sector and Government,On Site,"Jekyll Island, GA",Jekyll Island Authority,501-1000,Public Administration,Travel,$12-$12 /hr,"1. Must be at least 16 years old
2. Ability to communicate effectively with others both verbally and in writing.
3. Must be mature and demonstrate professionalism.
4. Must have reliable transportation.
5. Flexible availability, including weekends and holidays.
...",not sure,
Social Worker - MSW,2025-07-03,https://jobright.ai/jobs/info/68663fe9028ffa2456d02b74?utm_source=1100&utm_campaign=Public Sector and Government,On Site,"Elk Grove, CA, USA",WelbeHealth,501-1000,Public Administration,"Health Care,Health Diagnostics",$74612-$98488 /yr,"1. Master’s Degree in Social Work (MSW) required
2. Minimum of one (1) year of experience with a frail or elderly population
3. Previous experience coordinating and facilitating care conference meetings",not sure,
Youth Advocate I - Juvenile Justice,2025-07-02,https://jobright.ai/jobs/info/6856a46dae0608f715a8a0d7?utm_source=1100&utm_campaign=Public Sector and Government,On Site,Brewster,Eliot Community Human Services,501-1000,Public Administration,"Communities,Facilities Support Services",$21.72-$21.72 /hr,"1. High school diploma or related experience
2. Experience working with youth
3. Valid Massachusetts drivers license",not sure,
Social Worker - MSW ,2025-07-02,https://jobright.ai/jobs/info/686578f59bb868c433e34299?utm_source=1100&utm_campaign=Public Sector and Government,On Site,"Stockton, CA, USA",WelbeHealth,501-1000,Public Administration,"Health Care,Health Diagnostics",$74612-$98488 /yr,"1. Master’s Degree in Social Work (MSW) required
2. Minimum of one (1) year of experience with a frail or elderly population
3. Previous experience coordinating and facilitating care conference meetings",not sure,
Stabilization Specialist - CCS,2025-07-02,https://jobright.ai/jobs/info/6865628494e3801587b8e698?utm_source=1100&utm_campaign=Public Sector and Government,On Site,"Multi Location
Lynn
Danvers",Eliot Community Human Services,501-1000,Public Administration,"Communities,Facilities Support Services",$23.08-$23.08 /hr,"1. Bachelor’s degree in Psychology, Social Work or related field
2. Experience working with adults or families with mental illness/substance abuse
3. Valid Massachusetts drivers license",not sure,
MMV-SOCIAL WORK LMSW,2025-07-02,https://jobright.ai/jobs/info/687cfdc6764c3d7411c3c144?utm_source=1100&utm_campaign=Public Sector and Government,On Site,12 North 7th Avenue,Montefiore Einstein Technology,501-1000,Public Administration,,$41.71-$41.71 /hr,"1. Master's degree in Social Work required.
2. NYS License in Social Work required.
3. Minimum of one year of experience as a Social Worker required.
4. Discharge planning experience
5. Knowledge of Medicare Regulations
...",not sure,
Market HOA Coordinator,2025-07-01,https://jobright.ai/jobs/info/686474fad3573cd7f66a07e9?utm_source=1100&utm_campaign=Public Sector and Government,On Site,"Nashville, TN",AMH,501-1000,Public Administration,"Property Management,Real Estate",$21-$25 /hr,"1. High School diploma or GED required.
2. Valid driver’s license required.
3. Proficient in basic Microsoft Office applications.
4. Strong verbal and written communication skills.",not sure,
Community Resource Specialist,2025-06-30,https://jobright.ai/jobs/info/687f3d37764c3d7411c4a56f?utm_source=1100&utm_campaign=Public Sector and Government,On Site,"Acton, MA",Northeast Arc,501-1000,Public Administration,"Non Profit,Professional Services",$26-$27 /hr,"1. Bachelor's in Human Resources, Business Administration, Education, Psychology or related field
2. Prior experience working in the human services or disability field
3. Valid driver's license and reliable transportation",not sure,
Family Partner - CCTP,2025-06-30,https://jobright.ai/jobs/info/6856a46dae0608f715a8a135?utm_source=1100&utm_campaign=Public Sector and Government,On Site,Everett,Eliot Community Human Services,501-1000,Public Administration,"Communities,Facilities Support Services",$23.08-$23.08 /hr,"1. Associate's degree in a human services field.
2. At least one (1) year experience working with children, adolescents or transition age youth and families.
3. Must be a parent, guardian or caregiver of a youth with behavioral health needs. Ability to communicate with other parents in a supportive manner.
4. Valid Massachusetts Drivers License.",not sure,